date,open,high,low,close,volume
2026-03-06 09:15:00+05:30,17.86,18.53,17.2,18.26,0
2026-03-06 09:30:00+05:30,18.26,18.42,18.26,18.33,0
2026-03-06 09:45:00+05:30,18.33,18.52,18.27,18.49,0
2026-03-06 10:00:00+05:30,18.5,18.57,18.43,18.52,0
2026-03-06 10:15:00+05:30,18.51,18.57,18.44,18.57,0
2026-03-06 10:30:00+05:30,18.57,18.72,18.56,18.66,0
2026-03-06 10:45:00+05:30,18.66,18.86,18.65,18.81,0
2026-03-06 11:00:00+05:30,18.81,18.81,18.53,18.65,0
2026-03-06 11:15:00+05:30,18.65,18.83,18.62,18.7,0
2026-03-06 11:30:00+05:30,18.7,18.79,18.53,18.66,0
2026-03-06 11:45:00+05:30,18.66,18.71,18.62,18.66,0
2026-03-06 12:00:00+05:30,18.66,18.74,18.63,18.69,0
2026-03-06 12:15:00+05:30,18.69,18.97,18.67,18.96,0
2026-03-06 12:30:00+05:30,18.97,18.98,18.75,18.77,0
2026-03-06 12:45:00+05:30,18.77,18.87,18.75,18.84,0
2026-03-06 13:00:00+05:30,18.84,18.87,18.77,18.85,0
2026-03-06 13:15:00+05:30,18.84,18.9,18.76,18.8,0
2026-03-06 13:30:00+05:30,18.8,19.08,18.78,18.89,0
2026-03-06 13:45:00+05:30,18.89,19.21,18.88,19.2,0
2026-03-06 14:00:00+05:30,19.2,19.35,18.98,19.07,0
2026-03-06 14:15:00+05:30,19.07,19.08,18.84,18.98,0
2026-03-06 14:30:00+05:30,18.98,19.32,18.97,19.27,0
2026-03-06 14:45:00+05:30,19.27,19.9,19.11,19.88,0
2026-03-06 15:00:00+05:30,19.88,20.05,19.62,19.98,0
2026-03-06 15:15:00+05:30,19.99,20.14,19.62,19.9,0
2026-03-09 09:15:00+05:30,19.88,24.21,19.22,24.05,0
2026-03-09 09:30:00+05:30,24.07,24.37,23.47,24.37,0
2026-03-09 09:45:00+05:30,24.37,24.49,24.16,24.25,0
2026-03-09 10:00:00+05:30,24.25,24.34,24.03,24.2,0
2026-03-09 10:15:00+05:30,24.2,24.3,24.12,24.18,0
2026-03-09 10:30:00+05:30,24.19,24.31,24.16,24.22,0
2026-03-09 10:45:00+05:30,24.21,24.34,23.58,23.71,0
2026-03-09 11:00:00+05:30,23.7,24.09,23.66,23.91,0
2026-03-09 11:15:00+05:30,23.91,24.01,23.56,23.58,0
2026-03-09 11:30:00+05:30,23.58,23.59,23.35,23.48,0
2026-03-09 11:45:00+05:30,23.46,23.68,23.46,23.66,0
2026-03-09 12:00:00+05:30,23.65,23.87,23.6,23.82,0
2026-03-09 12:15:00+05:30,23.82,23.93,23.79,23.92,0
2026-03-09 12:30:00+05:30,23.92,24.02,23.87,23.97,0
2026-03-09 12:45:00+05:30,23.97,24.34,23.94,24.3,0
2026-03-09 13:00:00+05:30,24.3,24.39,24.26,24.28,0
2026-03-09 13:15:00+05:30,24.26,24.4,24.26,24.35,0
2026-03-09 13:30:00+05:30,24.35,24.46,24.24,24.38,0
2026-03-09 13:45:00+05:30,24.37,24.48,24.17,24.22,0
2026-03-09 14:00:00+05:30,24.22,24.38,24.2,24.27,0
2026-03-09 14:15:00+05:30,24.26,24.29,24.12,24.17,0
2026-03-09 14:30:00+05:30,24.17,24.19,24.0,24.02,0
2026-03-09 14:45:00+05:30,24.02,24.06,23.44,23.58,0
2026-03-09 15:00:00+05:30,23.56,23.63,23.05,23.27,0
2026-03-09 15:15:00+05:30,23.28,23.53,23.28,23.4,0
2026-03-10 09:15:00+05:30,23.36,23.36,19.8,20.33,0
2026-03-10 09:30:00+05:30,20.33,20.53,20.29,20.42,0
2026-03-10 09:45:00+05:30,20.42,20.84,20.37,20.81,0
2026-03-10 10:00:00+05:30,20.81,20.82,20.55,20.59,0
2026-03-10 10:15:00+05:30,20.59,20.6,20.25,20.47,0
2026-03-10 10:30:00+05:30,20.46,20.46,20.22,20.24,0
2026-03-10 10:45:00+05:30,20.23,20.23,20.09,20.18,0
2026-03-10 11:00:00+05:30,20.18,20.2,19.98,19.98,0
2026-03-10 11:15:00+05:30,19.98,20.0,19.89,19.95,0
2026-03-10 11:30:00+05:30,19.95,19.95,19.72,19.73,0
2026-03-10 11:45:00+05:30,19.73,19.83,19.73,19.76,0
2026-03-10 12:00:00+05:30,19.76,19.88,19.69,19.88,0
2026-03-10 12:15:00+05:30,19.87,20.06,19.85,19.94,0
2026-03-10 12:30:00+05:30,19.95,20.01,19.81,19.96,0
2026-03-10 12:45:00+05:30,19.96,19.97,19.54,19.6,0
2026-03-10 13:00:00+05:30,19.6,19.71,19.56,19.67,0
2026-03-10 13:15:00+05:30,19.67,19.7,19.55,19.65,0
2026-03-10 13:30:00+05:30,19.65,19.65,19.46,19.48,0
2026-03-10 13:45:00+05:30,19.47,19.54,19.4,19.45,0
2026-03-10 14:00:00+05:30,19.45,19.52,19.22,19.23,0
2026-03-10 14:15:00+05:30,19.23,19.4,19.18,19.35,0
2026-03-10 14:30:00+05:30,19.36,19.43,19.31,19.38,0
2026-03-10 14:45:00+05:30,19.38,19.43,19.09,19.12,0
2026-03-10 15:00:00+05:30,19.11,19.18,18.81,18.86,0
2026-03-10 15:15:00+05:30,18.86,18.87,18.78,18.84,0
2026-03-11 09:15:00+05:30,18.91,18.91,17.24,18.72,0
2026-03-11 09:30:00+05:30,18.72,19.2,18.71,19.1,0
2026-03-11 09:45:00+05:30,19.09,19.31,19.04,19.25,0
2026-03-11 10:00:00+05:30,19.25,19.76,19.25,19.67,0
2026-03-11 10:15:00+05:30,19.67,19.71,19.43,19.53,0
2026-03-11 10:30:00+05:30,19.53,19.95,19.43,19.93,0
2026-03-11 10:45:00+05:30,19.94,20.05,19.71,19.71,0
2026-03-11 11:00:00+05:30,19.71,19.94,19.6,19.9,0
2026-03-11 11:15:00+05:30,19.9,20.37,19.9,20.21,0
2026-03-11 11:30:00+05:30,20.21,20.83,20.18,20.5,0
2026-03-11 11:45:00+05:30,20.5,20.83,20.49,20.67,0
2026-03-11 12:00:00+05:30,20.67,20.7,20.38,20.45,0
2026-03-11 12:15:00+05:30,20.45,20.53,20.37,20.45,0
2026-03-11 12:30:00+05:30,20.45,20.71,20.36,20.36,0
2026-03-11 12:45:00+05:30,20.36,20.76,20.36,20.75,0
2026-03-11 13:00:00+05:30,20.75,21.17,20.6,21.12,0
2026-03-11 13:15:00+05:30,21.12,21.39,20.81,20.81,0
2026-03-11 13:30:00+05:30,20.8,20.97,20.68,20.97,0
2026-03-11 13:45:00+05:30,20.97,21.0,20.83,20.93,0
2026-03-11 14:00:00+05:30,20.93,21.05,20.87,20.97,0
2026-03-11 14:15:00+05:30,20.96,21.15,20.56,20.65,0
2026-03-11 14:30:00+05:30,20.64,21.03,20.64,20.97,0
2026-03-11 14:45:00+05:30,20.97,21.24,20.9,21.2,0
2026-03-11 15:00:00+05:30,21.2,21.2,20.99,21.08,0
2026-03-11 15:15:00+05:30,21.08,21.3,20.97,21.21,0
2026-03-12 09:15:00+05:30,21.06,22.34,20.95,21.94,0
2026-03-12 09:30:00+05:30,21.95,22.36,21.93,22.2,0
2026-03-12 09:45:00+05:30,22.21,22.22,21.98,22.0,0
2026-03-12 10:00:00+05:30,22.0,22.32,21.98,22.31,0
2026-03-12 10:15:00+05:30,22.31,22.35,22.11,22.2,0
2026-03-12 10:30:00+05:30,22.19,22.31,21.86,21.95,0
2026-03-12 10:45:00+05:30,21.95,21.99,21.73,21.74,0
2026-03-12 11:00:00+05:30,21.73,21.73,21.55,21.69,0
2026-03-12 11:15:00+05:30,21.68,22.04,21.63,21.78,0
2026-03-12 11:30:00+05:30,21.78,21.86,21.62,21.62,0
2026-03-12 11:45:00+05:30,21.62,21.63,21.46,21.47,0
2026-03-12 12:00:00+05:30,21.46,21.53,21.36,21.38,0
2026-03-12 12:15:00+05:30,21.38,21.49,21.25,21.27,0
2026-03-12 12:30:00+05:30,21.26,21.46,21.25,21.36,0
2026-03-12 12:45:00+05:30,21.37,21.38,21.25,21.26,0
2026-03-12 13:00:00+05:30,21.26,21.58,21.24,21.24,0
2026-03-12 13:15:00+05:30,21.24,21.27,20.97,20.98,0
2026-03-12 13:30:00+05:30,20.98,20.99,20.82,20.98,0
2026-03-12 13:45:00+05:30,20.98,21.26,20.96,21.22,0
2026-03-12 14:00:00+05:30,21.22,21.34,21.1,21.12,0
2026-03-12 14:15:00+05:30,21.12,21.29,21.09,21.26,0
2026-03-12 14:30:00+05:30,21.25,21.61,21.16,21.5,0
2026-03-12 14:45:00+05:30,21.5,21.75,21.47,21.56,0
2026-03-12 15:00:00+05:30,21.56,21.65,21.43,21.58,0
2026-03-12 15:15:00+05:30,21.58,21.66,21.34,21.43,0
2026-03-13 09:15:00+05:30,21.52,21.99,21.4,21.41,0
2026-03-13 09:30:00+05:30,21.41,21.62,21.25,21.61,0
2026-03-13 09:45:00+05:30,21.61,21.92,21.59,21.84,0
2026-03-13 10:00:00+05:30,21.84,21.98,21.75,21.9,0
2026-03-13 10:15:00+05:30,21.88,21.98,21.82,21.82,0
2026-03-13 10:30:00+05:30,21.82,21.92,21.72,21.88,0
2026-03-13 10:45:00+05:30,21.88,21.89,21.54,21.64,0
2026-03-13 11:00:00+05:30,21.64,21.91,21.63,21.9,0
2026-03-13 11:15:00+05:30,21.91,22.03,21.69,21.7,0
2026-03-13 11:30:00+05:30,21.7,21.79,21.58,21.64,0
2026-03-13 11:45:00+05:30,21.64,21.83,21.64,21.82,0
2026-03-13 12:00:00+05:30,21.83,21.99,21.81,21.91,0
2026-03-13 12:15:00+05:30,21.91,22.22,21.91,22.1,0
2026-03-13 12:30:00+05:30,22.1,22.54,22.09,22.39,0
2026-03-13 12:45:00+05:30,22.39,22.43,22.15,22.25,0
2026-03-13 13:00:00+05:30,22.24,22.42,22.18,22.37,0
2026-03-13 13:15:00+05:30,22.38,22.58,22.33,22.42,0
2026-03-13 13:30:00+05:30,22.43,22.65,22.31,22.53,0
2026-03-13 13:45:00+05:30,22.53,22.88,22.52,22.82,0
2026-03-13 14:00:00+05:30,22.82,22.82,22.44,22.45,0
2026-03-13 14:15:00+05:30,22.45,22.52,22.31,22.37,0
2026-03-13 14:30:00+05:30,22.37,22.43,22.12,22.36,0
2026-03-13 14:45:00+05:30,22.37,22.77,22.36,22.65,0
2026-03-13 15:00:00+05:30,22.66,22.76,22.52,22.56,0
2026-03-13 15:15:00+05:30,22.56,22.75,22.56,22.75,0
2026-03-16 09:15:00+05:30,22.65,22.88,19.82,22.04,0
2026-03-16 09:30:00+05:30,22.03,22.04,21.64,21.82,0
2026-03-16 09:45:00+05:30,21.81,22.12,21.8,22.11,0
2026-03-16 10:00:00+05:30,22.11,22.12,21.98,22.06,0
2026-03-16 10:15:00+05:30,22.06,22.16,21.98,22.14,0
2026-03-16 10:30:00+05:30,22.14,22.14,22.03,22.09,0
2026-03-16 10:45:00+05:30,22.08,22.41,22.08,22.21,0
2026-03-16 11:00:00+05:30,22.21,22.26,22.05,22.1,0
2026-03-16 11:15:00+05:30,22.1,22.11,21.83,22.0,0
2026-03-16 11:30:00+05:30,22.0,22.04,21.93,22.01,0
2026-03-16 11:45:00+05:30,22.01,22.1,21.99,22.08,0
2026-03-16 12:00:00+05:30,22.08,22.08,21.99,22.03,0
2026-03-16 12:15:00+05:30,22.03,22.04,21.94,21.99,0
2026-03-16 12:30:00+05:30,22.0,22.09,21.97,22.08,0
2026-03-16 12:45:00+05:30,22.08,22.1,22.0,22.04,0
2026-03-16 13:00:00+05:30,22.04,22.21,21.97,22.04,0
2026-03-16 13:15:00+05:30,22.04,22.06,21.98,22.01,0
2026-03-16 13:30:00+05:30,22.01,22.11,21.99,22.08,0
2026-03-16 13:45:00+05:30,22.08,22.13,21.91,21.94,0
2026-03-16 14:00:00+05:30,21.94,21.97,21.78,21.81,0
2026-03-16 14:15:00+05:30,21.81,21.87,21.61,21.63,0
2026-03-16 14:30:00+05:30,21.65,21.72,21.47,21.65,0
2026-03-16 14:45:00+05:30,21.65,21.71,21.37,21.59,0
2026-03-16 15:00:00+05:30,21.59,21.59,21.44,21.57,0
2026-03-16 15:15:00+05:30,21.58,21.8,21.56,21.65,0
2026-03-17 09:15:00+05:30,21.6,21.6,20.9,21.0,0
2026-03-17 09:30:00+05:30,20.99,21.04,20.64,20.64,0
2026-03-17 09:45:00+05:30,20.64,20.65,20.48,20.48,0
2026-03-17 10:00:00+05:30,20.48,20.49,20.27,20.34,0
2026-03-17 10:15:00+05:30,20.35,20.35,20.04,20.22,0
2026-03-17 10:30:00+05:30,20.22,20.46,20.2,20.42,0
2026-03-17 10:45:00+05:30,20.42,20.43,20.23,20.24,0
2026-03-17 11:00:00+05:30,20.24,20.36,20.22,20.34,0
2026-03-17 11:15:00+05:30,20.34,20.59,20.32,20.57,0
2026-03-17 11:30:00+05:30,20.57,20.7,20.51,20.63,0
2026-03-17 11:45:00+05:30,20.63,20.69,20.38,20.49,0
2026-03-17 12:00:00+05:30,20.49,20.59,20.33,20.37,0
2026-03-17 12:15:00+05:30,20.36,20.5,20.36,20.43,0
2026-03-17 12:30:00+05:30,20.43,20.47,20.24,20.27,0
2026-03-17 12:45:00+05:30,20.28,20.28,20.16,20.26,0
2026-03-17 13:00:00+05:30,20.26,20.33,20.16,20.16,0
2026-03-17 13:15:00+05:30,20.16,20.2,20.04,20.09,0
2026-03-17 13:30:00+05:30,20.09,20.11,19.98,20.1,0
2026-03-17 13:45:00+05:30,20.1,20.14,20.02,20.13,0
2026-03-17 14:00:00+05:30,20.12,20.13,19.94,19.95,0
2026-03-17 14:15:00+05:30,19.95,20.07,19.91,19.98,0
2026-03-17 14:30:00+05:30,19.99,20.0,19.9,20.0,0
2026-03-17 14:45:00+05:30,20.0,20.01,19.63,19.67,0
2026-03-17 15:00:00+05:30,19.66,19.87,19.66,19.74,0
2026-03-17 15:15:00+05:30,19.74,19.84,19.73,19.8,0
2026-03-18 09:15:00+05:30,19.79,19.79,18.84,18.89,0
2026-03-18 09:30:00+05:30,18.89,18.91,18.8,18.86,0
2026-03-18 09:45:00+05:30,18.86,18.98,18.79,18.96,0
2026-03-18 10:00:00+05:30,18.95,19.23,18.93,19.09,0
2026-03-18 10:15:00+05:30,19.09,19.1,18.85,18.88,0
2026-03-18 10:30:00+05:30,18.88,18.91,18.81,18.88,0
2026-03-18 10:45:00+05:30,18.88,18.9,18.78,18.83,0
2026-03-18 11:00:00+05:30,18.83,18.97,18.82,18.87,0
2026-03-18 11:15:00+05:30,18.87,18.92,18.83,18.89,0
2026-03-18 11:30:00+05:30,18.89,18.96,18.85,18.95,0
2026-03-18 11:45:00+05:30,18.95,19.05,18.94,19.01,0
2026-03-18 12:00:00+05:30,19.01,19.02,18.94,18.96,0
2026-03-18 12:15:00+05:30,18.96,19.01,18.93,19.0,0
2026-03-18 12:30:00+05:30,19.0,19.01,18.94,18.94,0
2026-03-18 12:45:00+05:30,18.95,19.05,18.93,19.01,0
2026-03-18 13:00:00+05:30,19.01,19.01,18.91,18.91,0
2026-03-18 13:15:00+05:30,18.91,18.97,18.86,18.87,0
2026-03-18 13:30:00+05:30,18.87,18.93,18.86,18.91,0
2026-03-18 13:45:00+05:30,18.89,18.92,18.84,18.86,0
2026-03-18 14:00:00+05:30,18.86,18.89,18.8,18.82,0
2026-03-18 14:15:00+05:30,18.82,18.84,18.68,18.69,0
2026-03-18 14:30:00+05:30,18.7,18.86,18.69,18.83,0
2026-03-18 14:45:00+05:30,18.83,18.89,18.8,18.84,0
2026-03-18 15:00:00+05:30,18.86,18.87,18.7,18.73,0
2026-03-18 15:15:00+05:30,18.74,18.77,18.59,18.67,0
2026-03-19 09:15:00+05:30,18.72,21.84,18.72,21.17,0
2026-03-19 09:30:00+05:30,21.18,21.67,21.17,21.51,0
2026-03-19 09:45:00+05:30,21.52,21.93,21.5,21.66,0
2026-03-19 10:00:00+05:30,21.66,21.66,21.38,21.58,0
2026-03-19 10:15:00+05:30,21.58,21.82,21.32,21.38,0
2026-03-19 10:30:00+05:30,21.38,21.42,21.22,21.25,0
2026-03-19 10:45:00+05:30,21.24,21.39,21.23,21.35,0
2026-03-19 11:00:00+05:30,21.34,21.57,21.34,21.56,0
2026-03-19 11:15:00+05:30,21.56,21.69,21.5,21.66,0
2026-03-19 11:30:00+05:30,21.66,21.66,21.42,21.54,0
2026-03-19 11:45:00+05:30,21.54,21.61,21.43,21.6,0
2026-03-19 12:00:00+05:30,21.6,21.68,21.38,21.39,0
2026-03-19 12:15:00+05:30,21.37,21.57,21.34,21.48,0
2026-03-19 12:30:00+05:30,21.47,21.66,21.42,21.64,0
2026-03-19 12:45:00+05:30,21.65,21.65,21.44,21.56,0
2026-03-19 13:00:00+05:30,21.56,21.79,21.54,21.78,0
2026-03-19 13:15:00+05:30,21.78,21.96,21.75,21.92,0
2026-03-19 13:30:00+05:30,21.92,21.93,21.73,21.8,0
2026-03-19 13:45:00+05:30,21.8,22.02,21.78,22.0,0
2026-03-19 14:00:00+05:30,22.0,22.53,21.95,22.48,0
2026-03-19 14:15:00+05:30,22.48,22.5,22.27,22.46,0
2026-03-19 14:30:00+05:30,22.46,22.56,22.31,22.39,0
2026-03-19 14:45:00+05:30,22.39,23.14,22.35,23.14,0
2026-03-19 15:00:00+05:30,23.13,23.2,22.69,22.86,0
2026-03-19 15:15:00+05:30,22.86,22.97,22.53,22.74,0
2026-03-20 09:15:00+05:30,22.8,22.8,21.69,22.01,0
2026-03-20 09:30:00+05:30,22.02,22.19,21.98,22.19,0
2026-03-20 09:45:00+05:30,22.2,22.32,22.15,22.25,0
2026-03-20 10:00:00+05:30,22.25,22.38,22.23,22.32,0
2026-03-20 10:15:00+05:30,22.32,22.48,22.21,22.26,0
2026-03-20 10:30:00+05:30,22.26,22.28,22.07,22.12,0
2026-03-20 10:45:00+05:30,22.12,22.17,22.0,22.15,0
2026-03-20 11:00:00+05:30,22.15,22.17,22.1,22.13,0
2026-03-20 11:15:00+05:30,22.14,22.15,22.01,22.05,0
2026-03-20 11:30:00+05:30,22.05,22.14,22.02,22.14,0
2026-03-20 11:45:00+05:30,22.14,22.35,22.09,22.26,0
2026-03-20 12:00:00+05:30,22.26,22.48,22.23,22.44,0
2026-03-20 12:15:00+05:30,22.43,22.91,22.43,22.8,0
2026-03-20 12:30:00+05:30,22.79,23.09,22.62,22.65,0
2026-03-20 12:45:00+05:30,22.65,22.67,22.35,22.42,0
2026-03-20 13:00:00+05:30,22.42,22.5,22.28,22.36,0
2026-03-20 13:15:00+05:30,22.36,22.39,22.25,22.37,0
2026-03-20 13:30:00+05:30,22.37,22.55,22.37,22.53,0
2026-03-20 13:45:00+05:30,22.53,22.81,22.52,22.79,0
2026-03-20 14:00:00+05:30,22.79,22.82,22.51,22.64,0
2026-03-20 14:15:00+05:30,22.64,22.79,22.6,22.75,0
2026-03-20 14:30:00+05:30,22.76,22.96,22.69,22.94,0
2026-03-20 14:45:00+05:30,22.95,23.14,22.89,22.98,0
2026-03-20 15:00:00+05:30,22.99,22.99,22.63,22.84,0
2026-03-20 15:15:00+05:30,22.84,22.95,22.66,22.81,0
2026-03-23 09:15:00+05:30,22.81,25.14,22.81,25.11,0
2026-03-23 09:30:00+05:30,25.11,25.47,25.09,25.46,0
2026-03-23 09:45:00+05:30,25.46,26.11,25.45,26.11,0
2026-03-23 10:00:00+05:30,26.11,26.31,25.99,26.29,0
2026-03-23 10:15:00+05:30,26.3,26.32,26.07,26.22,0
2026-03-23 10:30:00+05:30,26.21,26.25,25.99,26.14,0
2026-03-23 10:45:00+05:30,26.14,26.28,26.1,26.2,0
2026-03-23 11:00:00+05:30,26.2,26.31,26.01,26.08,0
2026-03-23 11:15:00+05:30,26.08,26.18,26.06,26.17,0
2026-03-23 11:30:00+05:30,26.16,26.38,26.1,26.38,0
2026-03-23 11:45:00+05:30,26.38,26.47,26.25,26.46,0
2026-03-23 12:00:00+05:30,26.46,26.54,26.42,26.53,0
2026-03-23 12:15:00+05:30,26.54,27.03,26.52,26.84,0
2026-03-23 12:30:00+05:30,26.84,26.86,26.63,26.73,0
2026-03-23 12:45:00+05:30,26.73,27.03,26.67,26.97,0
2026-03-23 13:00:00+05:30,26.97,27.17,26.95,27.16,0
2026-03-23 13:15:00+05:30,27.15,27.16,26.91,27.03,0
2026-03-23 13:30:00+05:30,27.03,27.04,26.72,26.74,0
2026-03-23 13:45:00+05:30,26.73,26.78,26.51,26.71,0
2026-03-23 14:00:00+05:30,26.72,26.75,26.53,26.65,0
2026-03-23 14:15:00+05:30,26.66,26.7,26.54,26.62,0
2026-03-23 14:30:00+05:30,26.62,26.69,26.42,26.52,0
2026-03-23 14:45:00+05:30,26.53,26.59,26.39,26.49,0
2026-03-23 15:00:00+05:30,26.48,26.78,26.48,26.77,0
2026-03-23 15:15:00+05:30,26.78,26.9,26.76,26.87,0
2026-03-24 09:15:00+05:30,26.73,26.73,24.72,25.2,0
2026-03-24 09:30:00+05:30,25.22,25.46,25.06,25.39,0
2026-03-24 09:45:00+05:30,25.38,25.56,25.27,25.35,0
2026-03-24 10:00:00+05:30,25.35,25.63,25.35,25.48,0
2026-03-24 10:15:00+05:30,25.47,25.51,25.3,25.42,0
2026-03-24 10:30:00+05:30,25.42,25.78,25.41,25.59,0
2026-03-24 10:45:00+05:30,25.59,25.73,25.53,25.7,0
2026-03-24 11:00:00+05:30,25.71,25.71,25.54,25.58,0
2026-03-24 11:15:00+05:30,25.59,25.73,25.5,25.62,0
2026-03-24 11:30:00+05:30,25.61,25.68,25.51,25.54,0
2026-03-24 11:45:00+05:30,25.54,25.58,25.23,25.27,0
2026-03-24 12:00:00+05:30,25.28,25.3,25.21,25.24,0
2026-03-24 12:15:00+05:30,25.25,25.45,25.09,25.14,0
2026-03-24 12:30:00+05:30,25.13,25.23,25.01,25.03,0
2026-03-24 12:45:00+05:30,25.03,25.21,24.99,25.12,0
2026-03-24 13:00:00+05:30,25.12,25.26,24.93,25.14,0
2026-03-24 13:15:00+05:30,25.14,25.15,24.99,25.0,0
2026-03-24 13:30:00+05:30,25.01,25.06,24.87,24.93,0
2026-03-24 13:45:00+05:30,24.93,24.98,24.85,24.93,0
2026-03-24 14:00:00+05:30,24.95,24.97,24.87,24.87,0
2026-03-24 14:15:00+05:30,24.88,24.97,24.84,24.87,0
2026-03-24 14:30:00+05:30,24.87,24.99,24.81,24.99,0
2026-03-24 14:45:00+05:30,25.0,25.03,24.79,24.83,0
2026-03-24 15:00:00+05:30,24.85,24.89,24.63,24.67,0
2026-03-24 15:15:00+05:30,24.66,24.95,24.65,24.91,0
2026-03-25 09:15:00+05:30,24.74,25.23,24.73,24.73,0
2026-03-25 09:30:00+05:30,24.73,24.84,24.47,24.54,0
2026-03-25 09:45:00+05:30,24.54,24.72,24.54,24.65,0
2026-03-25 10:00:00+05:30,24.65,24.77,24.49,24.62,0
2026-03-25 10:15:00+05:30,24.62,24.69,24.53,24.61,0
2026-03-25 10:30:00+05:30,24.61,24.61,24.45,24.55,0
2026-03-25 10:45:00+05:30,24.55,24.62,24.43,24.45,0
2026-03-25 11:00:00+05:30,24.45,24.52,24.4,24.46,0
2026-03-25 11:15:00+05:30,24.45,24.57,24.42,24.57,0
2026-03-25 11:30:00+05:30,24.57,24.62,24.49,24.58,0
2026-03-25 11:45:00+05:30,24.58,24.6,24.46,24.57,0
2026-03-25 12:00:00+05:30,24.57,24.58,24.42,24.45,0
2026-03-25 12:15:00+05:30,24.45,24.55,24.42,24.51,0
2026-03-25 12:30:00+05:30,24.51,24.53,24.25,24.32,0
2026-03-25 12:45:00+05:30,24.32,24.48,24.3,24.4,0
2026-03-25 13:00:00+05:30,24.4,24.47,24.35,24.41,0
2026-03-25 13:15:00+05:30,24.42,24.47,24.34,24.39,0
2026-03-25 13:30:00+05:30,24.39,24.44,24.31,24.36,0
2026-03-25 13:45:00+05:30,24.36,24.41,24.14,24.33,0
2026-03-25 14:00:00+05:30,24.33,24.45,24.23,24.39,0
2026-03-25 14:15:00+05:30,24.39,24.56,24.29,24.54,0
2026-03-25 14:30:00+05:30,24.54,24.64,24.44,24.57,0
2026-03-25 14:45:00+05:30,24.57,24.81,24.53,24.7,0
2026-03-25 15:00:00+05:30,24.69,24.76,24.54,24.65,0
2026-03-25 15:15:00+05:30,24.65,24.77,24.44,24.44,0
2026-03-27 09:15:00+05:30,24.64,25.82,23.39,25.81,0
2026-03-27 09:30:00+05:30,25.82,26.63,25.8,26.48,0
2026-03-27 09:45:00+05:30,26.48,26.96,26.47,26.91,0
2026-03-27 10:00:00+05:30,26.91,26.92,26.56,26.76,0
2026-03-27 10:15:00+05:30,26.76,26.83,26.47,26.49,0
2026-03-27 10:30:00+05:30,26.49,26.52,26.3,26.52,0
2026-03-27 10:45:00+05:30,26.53,26.6,26.49,26.56,0
2026-03-27 11:00:00+05:30,26.56,26.57,26.4,26.48,0
2026-03-27 11:15:00+05:30,26.48,26.61,26.48,26.56,0
2026-03-27 11:30:00+05:30,26.56,26.68,26.55,26.59,0
2026-03-27 11:45:00+05:30,26.59,26.64,26.57,26.63,0
2026-03-27 12:00:00+05:30,26.63,26.76,26.61,26.65,0
2026-03-27 12:15:00+05:30,26.65,26.72,26.5,26.55,0
2026-03-27 12:30:00+05:30,26.55,26.65,26.54,26.62,0
2026-03-27 12:45:00+05:30,26.62,26.68,26.57,26.59,0
2026-03-27 13:00:00+05:30,26.59,26.76,26.58,26.7,0
2026-03-27 13:15:00+05:30,26.69,26.73,26.48,26.56,0
2026-03-27 13:30:00+05:30,26.56,26.63,26.44,26.45,0
2026-03-27 13:45:00+05:30,26.45,26.51,26.41,26.48,0
2026-03-27 14:00:00+05:30,26.48,26.64,26.47,26.61,0
2026-03-27 14:15:00+05:30,26.6,26.68,26.58,26.65,0
2026-03-27 14:30:00+05:30,26.67,27.05,26.64,26.99,0
2026-03-27 14:45:00+05:30,27.0,27.09,26.88,26.94,0
2026-03-27 15:00:00+05:30,26.95,26.97,26.79,26.82,0
2026-03-27 15:15:00+05:30,26.82,26.83,26.67,26.78,0
2026-03-30 09:15:00+05:30,26.8,28.91,26.8,28.79,0
2026-03-30 09:30:00+05:30,28.79,28.79,28.16,28.35,0
2026-03-30 09:45:00+05:30,28.36,28.49,28.26,28.34,0
2026-03-30 10:00:00+05:30,28.33,28.43,28.3,28.32,0
2026-03-30 10:15:00+05:30,28.32,28.51,28.3,28.49,0
2026-03-30 10:30:00+05:30,28.48,28.55,28.41,28.49,0
2026-03-30 10:45:00+05:30,28.49,28.55,28.3,28.42,0
2026-03-30 11:00:00+05:30,28.43,28.49,28.33,28.46,0
2026-03-30 11:15:00+05:30,28.47,28.54,28.42,28.53,0
2026-03-30 11:30:00+05:30,28.52,28.54,28.34,28.45,0
2026-03-30 11:45:00+05:30,28.45,28.51,28.38,28.39,0
2026-03-30 12:00:00+05:30,28.39,28.41,28.05,28.19,0
2026-03-30 12:15:00+05:30,28.19,28.25,28.1,28.12,0
2026-03-30 12:30:00+05:30,28.12,28.21,27.97,28.01,0
2026-03-30 12:45:00+05:30,28.01,28.21,27.96,28.1,0
2026-03-30 13:00:00+05:30,28.09,28.11,28.01,28.09,0
2026-03-30 13:15:00+05:30,28.09,28.15,28.0,28.03,0
2026-03-30 13:30:00+05:30,28.03,28.05,27.89,28.03,0
2026-03-30 13:45:00+05:30,28.03,28.18,27.98,28.13,0
2026-03-30 14:00:00+05:30,28.12,28.13,27.83,27.91,0
2026-03-30 14:15:00+05:30,27.92,28.01,27.89,27.89,0
2026-03-30 14:30:00+05:30,27.89,27.94,27.73,27.74,0
2026-03-30 14:45:00+05:30,27.74,27.89,27.7,27.76,0
2026-03-30 15:00:00+05:30,27.76,28.04,27.71,27.95,0
2026-03-30 15:15:00+05:30,27.95,27.98,27.71,27.76,0
2026-04-01 09:15:00+05:30,27.89,27.89,23.65,24.94,0
2026-04-01 09:30:00+05:30,24.95,25.32,24.83,25.14,0
2026-04-01 09:45:00+05:30,25.15,25.19,25.02,25.08,0
2026-04-01 10:00:00+05:30,25.08,25.38,24.9,25.27,0
2026-04-01 10:15:00+05:30,25.28,25.35,25.05,25.31,0
2026-04-01 10:30:00+05:30,25.3,25.46,25.21,25.25,0
2026-04-01 10:45:00+05:30,25.25,25.45,25.17,25.41,0
2026-04-01 11:00:00+05:30,25.42,25.46,25.29,25.31,0
2026-04-01 11:15:00+05:30,25.31,25.36,25.15,25.22,0
2026-04-01 11:30:00+05:30,25.22,25.22,24.99,25.05,0
2026-04-01 11:45:00+05:30,25.05,25.23,25.03,25.15,0
2026-04-01 12:00:00+05:30,25.15,25.15,24.87,24.88,0
2026-04-01 12:15:00+05:30,24.88,24.89,24.74,24.8,0
2026-04-01 12:30:00+05:30,24.81,24.86,24.73,24.74,0
2026-04-01 12:45:00+05:30,24.74,24.77,24.62,24.65,0
2026-04-01 13:00:00+05:30,24.65,24.66,24.57,24.57,0
2026-04-01 13:15:00+05:30,24.57,24.73,24.52,24.69,0
2026-04-01 13:30:00+05:30,24.7,25.36,24.7,25.29,0
2026-04-01 13:45:00+05:30,25.29,25.37,25.01,25.04,0
2026-04-01 14:00:00+05:30,25.04,25.1,24.8,24.82,0
2026-04-01 14:15:00+05:30,24.83,24.98,24.81,24.86,0
2026-04-01 14:30:00+05:30,24.86,25.17,24.85,25.1,0
2026-04-01 14:45:00+05:30,25.1,25.34,25.05,25.14,0
2026-04-01 15:00:00+05:30,25.14,25.14,24.99,25.08,0
2026-04-01 15:15:00+05:30,25.07,25.09,24.83,24.87,0
2026-04-02 09:15:00+05:30,25.01,26.6,25.01,26.06,0
2026-04-02 09:30:00+05:30,26.06,26.12,25.91,26.1,0
2026-04-02 09:45:00+05:30,26.09,26.24,26.05,26.23,0
2026-04-02 10:00:00+05:30,26.23,26.29,25.98,25.99,0
2026-04-02 10:15:00+05:30,25.99,26.18,25.98,26.03,0
2026-04-02 10:30:00+05:30,26.03,26.09,25.97,25.99,0
2026-04-02 10:45:00+05:30,25.99,26.08,25.87,25.89,0
2026-04-02 11:00:00+05:30,25.89,26.03,25.85,26.01,0
2026-04-02 11:15:00+05:30,26.01,26.11,25.99,26.11,0
2026-04-02 11:30:00+05:30,26.11,26.13,26.0,26.03,0
2026-04-02 11:45:00+05:30,26.03,26.05,25.8,25.88,0
2026-04-02 12:00:00+05:30,25.88,26.06,25.78,25.81,0
2026-04-02 12:15:00+05:30,25.81,26.1,25.8,26.04,0
2026-04-02 12:30:00+05:30,26.03,26.07,25.95,26.02,0
2026-04-02 12:45:00+05:30,26.01,26.02,25.89,25.99,0
2026-04-02 13:00:00+05:30,25.99,26.12,25.93,26.06,0
2026-04-02 13:15:00+05:30,26.06,26.12,25.98,26.05,0
2026-04-02 13:30:00+05:30,26.05,26.16,26.01,26.04,0
2026-04-02 13:45:00+05:30,26.05,26.07,25.8,25.96,0
2026-04-02 14:00:00+05:30,25.96,26.04,25.85,25.9,0
2026-04-02 14:15:00+05:30,25.9,25.94,25.66,25.67,0
2026-04-02 14:30:00+05:30,25.67,25.75,25.54,25.73,0
2026-04-02 14:45:00+05:30,25.73,25.8,25.7,25.73,0
2026-04-02 15:00:00+05:30,25.73,25.74,25.22,25.37,0
2026-04-02 15:15:00+05:30,25.37,25.74,25.34,25.38,0
2026-04-06 09:15:00+05:30,25.52,26.46,25.08,26.46,0
2026-04-06 09:30:00+05:30,26.46,26.5,26.17,26.33,0
2026-04-06 09:45:00+05:30,26.32,26.56,26.24,26.51,0
2026-04-06 10:00:00+05:30,26.51,26.52,26.19,26.2,0
2026-04-06 10:15:00+05:30,26.2,26.32,26.15,26.17,0
2026-04-06 10:30:00+05:30,26.16,26.24,26.08,26.14,0
2026-04-06 10:45:00+05:30,26.14,26.16,26.03,26.09,0
2026-04-06 11:00:00+05:30,26.09,26.47,26.08,26.39,0
2026-04-06 11:15:00+05:30,26.39,26.43,26.13,26.13,0
2026-04-06 11:30:00+05:30,26.13,26.22,26.08,26.11,0
2026-04-06 11:45:00+05:30,26.11,26.15,26.04,26.09,0
2026-04-06 12:00:00+05:30,26.09,26.2,25.97,26.12,0
2026-04-06 12:15:00+05:30,26.12,26.13,25.93,25.95,0
2026-04-06 12:30:00+05:30,25.95,26.08,25.92,25.93,0
2026-04-06 12:45:00+05:30,25.94,25.99,25.84,25.87,0
2026-04-06 13:00:00+05:30,25.87,26.08,25.82,25.99,0
2026-04-06 13:15:00+05:30,25.99,26.0,25.7,25.78,0
2026-04-06 13:30:00+05:30,25.77,26.03,25.75,26.01,0
2026-04-06 13:45:00+05:30,26.01,26.03,25.75,25.75,0
2026-04-06 14:00:00+05:30,25.75,25.77,25.68,25.74,0
2026-04-06 14:15:00+05:30,25.74,25.74,25.57,25.64,0
2026-04-06 14:30:00+05:30,25.65,25.66,25.55,25.6,0
2026-04-06 14:45:00+05:30,25.6,25.67,25.5,25.64,0
2026-04-06 15:00:00+05:30,25.64,25.66,25.31,25.36,0
2026-04-06 15:15:00+05:30,25.36,25.61,25.36,25.56,0
2026-04-07 09:15:00+05:30,25.47,26.26,25.12,25.5,0
2026-04-07 09:30:00+05:30,25.5,25.65,25.41,25.63,0
2026-04-07 09:45:00+05:30,25.62,25.64,25.5,25.53,0
2026-04-07 10:00:00+05:30,25.53,25.62,25.42,25.58,0
2026-04-07 10:15:00+05:30,25.59,25.61,25.39,25.4,0
2026-04-07 10:30:00+05:30,25.4,25.43,25.29,25.31,0
2026-04-07 10:45:00+05:30,25.31,25.55,25.3,25.5,0
2026-04-07 11:00:00+05:30,25.51,25.6,25.47,25.58,0
2026-04-07 11:15:00+05:30,25.58,25.6,25.33,25.36,0
2026-04-07 11:30:00+05:30,25.35,25.46,25.34,25.44,0
2026-04-07 11:45:00+05:30,25.44,25.46,25.28,25.31,0
2026-04-07 12:00:00+05:30,25.31,25.45,25.3,25.39,0
2026-04-07 12:15:00+05:30,25.39,25.52,25.37,25.5,0
2026-04-07 12:30:00+05:30,25.5,25.5,25.4,25.46,0
2026-04-07 12:45:00+05:30,25.47,25.54,25.45,25.52,0
2026-04-07 13:00:00+05:30,25.52,25.57,25.44,25.46,0
2026-04-07 13:15:00+05:30,25.46,25.48,25.37,25.38,0
2026-04-07 13:30:00+05:30,25.38,25.4,25.08,25.09,0
2026-04-07 13:45:00+05:30,25.09,25.17,25.04,25.16,0
2026-04-07 14:00:00+05:30,25.16,25.18,25.07,25.12,0
2026-04-07 14:15:00+05:30,25.13,25.14,25.06,25.08,0
2026-04-07 14:30:00+05:30,25.08,25.14,24.98,25.07,0
2026-04-07 14:45:00+05:30,25.07,25.09,24.85,24.86,0
2026-04-07 15:00:00+05:30,24.86,24.9,24.55,24.61,0
2026-04-07 15:15:00+05:30,24.62,24.81,24.62,24.77,0
2026-04-08 09:15:00+05:30,24.7,24.7,19.88,20.2,0
2026-04-08 09:30:00+05:30,20.2,20.21,19.88,19.88,0
2026-04-08 09:45:00+05:30,19.87,19.93,19.75,19.9,0
2026-04-08 10:00:00+05:30,19.9,19.91,19.74,19.86,0
2026-04-08 10:15:00+05:30,19.86,19.89,19.75,19.76,0
2026-04-08 10:30:00+05:30,19.76,19.79,19.66,19.66,0
2026-04-08 10:45:00+05:30,19.67,19.67,19.45,19.47,0
2026-04-08 11:00:00+05:30,19.47,19.56,19.42,19.49,0
2026-04-08 11:15:00+05:30,19.49,19.5,19.31,19.46,0
2026-04-08 11:30:00+05:30,19.46,19.62,19.46,19.61,0
2026-04-08 11:45:00+05:30,19.61,19.71,19.46,19.69,0
2026-04-08 12:00:00+05:30,19.7,19.74,19.55,19.65,0
2026-04-08 12:15:00+05:30,19.63,19.69,19.56,19.68,0
2026-04-08 12:30:00+05:30,19.69,19.88,19.69,19.73,0
2026-04-08 12:45:00+05:30,19.73,19.78,19.55,19.57,0
2026-04-08 13:00:00+05:30,19.57,19.65,19.56,19.56,0
2026-04-08 13:15:00+05:30,19.56,19.58,19.52,19.56,0
2026-04-08 13:30:00+05:30,19.56,19.72,19.54,19.68,0
2026-04-08 13:45:00+05:30,19.68,19.71,19.63,19.65,0
2026-04-08 14:00:00+05:30,19.65,19.76,19.63,19.75,0
2026-04-08 14:15:00+05:30,19.74,19.83,19.71,19.74,0
2026-04-08 14:30:00+05:30,19.74,19.76,19.6,19.63,0
2026-04-08 14:45:00+05:30,19.63,19.84,19.6,19.75,0
2026-04-08 15:00:00+05:30,19.75,19.85,19.65,19.68,0
2026-04-08 15:15:00+05:30,19.68,19.76,19.51,19.54,0
2026-04-09 09:15:00+05:30,19.7,20.17,19.17,20.1,0
2026-04-09 09:30:00+05:30,20.1,20.34,20.09,20.33,0
2026-04-09 09:45:00+05:30,20.33,20.85,20.29,20.79,0
2026-04-09 10:00:00+05:30,20.79,20.9,20.43,20.48,0
2026-04-09 10:15:00+05:30,20.48,20.57,20.31,20.46,0
2026-04-09 10:30:00+05:30,20.46,20.54,20.23,20.52,0
2026-04-09 10:45:00+05:30,20.51,20.52,20.3,20.36,0
2026-04-09 11:00:00+05:30,20.36,20.37,20.18,20.21,0
2026-04-09 11:15:00+05:30,20.21,20.38,20.16,20.18,0
2026-04-09 11:30:00+05:30,20.18,20.2,20.1,20.17,0
2026-04-09 11:45:00+05:30,20.17,20.23,20.02,20.1,0
2026-04-09 12:00:00+05:30,20.09,20.2,20.03,20.08,0
2026-04-09 12:15:00+05:30,20.08,20.24,20.06,20.13,0
2026-04-09 12:30:00+05:30,20.13,20.24,20.07,20.2,0
2026-04-09 12:45:00+05:30,20.2,20.48,20.19,20.38,0
2026-04-09 13:00:00+05:30,20.38,20.59,20.36,20.53,0
2026-04-09 13:15:00+05:30,20.53,20.77,20.52,20.76,0
2026-04-09 13:30:00+05:30,20.76,20.86,20.68,20.82,0
2026-04-09 13:45:00+05:30,20.82,20.9,20.55,20.63,0
2026-04-09 14:00:00+05:30,20.62,20.72,20.57,20.71,0
2026-04-09 14:15:00+05:30,20.71,20.93,20.6,20.77,0
2026-04-09 14:30:00+05:30,20.78,20.94,20.6,20.66,0
2026-04-09 14:45:00+05:30,20.68,20.77,20.63,20.65,0
2026-04-09 15:00:00+05:30,20.65,20.67,20.32,20.38,0
2026-04-09 15:15:00+05:30,20.39,20.47,20.32,20.38,0
2026-04-10 09:15:00+05:30,20.43,20.43,18.37,19.44,0
2026-04-10 09:30:00+05:30,19.44,19.51,19.4,19.45,0
2026-04-10 09:45:00+05:30,19.45,19.48,19.27,19.28,0
2026-04-10 10:00:00+05:30,19.27,19.34,19.17,19.17,0
2026-04-10 10:15:00+05:30,19.17,19.17,18.91,18.96,0
2026-04-10 10:30:00+05:30,18.96,19.01,18.94,18.97,0
2026-04-10 10:45:00+05:30,18.97,19.06,18.94,18.98,0
2026-04-10 11:00:00+05:30,18.98,19.01,18.91,18.97,0
2026-04-10 11:15:00+05:30,18.97,19.02,18.95,19.02,0
2026-04-10 11:30:00+05:30,19.02,19.06,18.94,19.02,0
2026-04-10 11:45:00+05:30,19.02,19.14,18.97,18.97,0
2026-04-10 12:00:00+05:30,18.97,18.98,18.93,18.95,0
2026-04-10 12:15:00+05:30,18.95,18.96,18.81,18.86,0
2026-04-10 12:30:00+05:30,18.86,18.88,18.81,18.85,0
2026-04-10 12:45:00+05:30,18.85,18.9,18.83,18.84,0
2026-04-10 13:00:00+05:30,18.85,18.85,18.79,18.85,0
2026-04-10 13:15:00+05:30,18.85,18.9,18.82,18.85,0
2026-04-10 13:30:00+05:30,18.85,18.87,18.8,18.81,0
2026-04-10 13:45:00+05:30,18.81,18.88,18.78,18.79,0
2026-04-10 14:00:00+05:30,18.79,18.9,18.79,18.89,0
2026-04-10 14:15:00+05:30,18.89,19.32,18.89,19.32,0
2026-04-10 14:30:00+05:30,19.32,19.32,19.14,19.29,0
2026-04-10 14:45:00+05:30,19.29,19.37,18.98,19.04,0
2026-04-10 15:00:00+05:30,19.04,19.05,18.74,18.76,0
2026-04-10 15:15:00+05:30,18.76,18.98,18.76,18.98,0
2026-04-13 09:15:00+05:30,18.85,21.51,18.18,21.3,0
2026-04-13 09:30:00+05:30,21.3,21.39,21.09,21.1,0
2026-04-13 09:45:00+05:30,21.11,21.18,20.96,20.96,0
2026-04-13 10:00:00+05:30,20.96,20.98,20.81,20.91,0
2026-04-13 10:15:00+05:30,20.91,20.97,20.77,20.84,0
2026-04-13 10:30:00+05:30,20.83,20.87,20.78,20.84,0
2026-04-13 10:45:00+05:30,20.84,20.85,20.77,20.79,0
2026-04-13 11:00:00+05:30,20.79,20.8,20.72,20.74,0
2026-04-13 11:15:00+05:30,20.74,20.75,20.67,20.71,0
2026-04-13 11:30:00+05:30,20.71,20.77,20.64,20.7,0
2026-04-13 11:45:00+05:30,20.7,20.7,20.56,20.59,0
2026-04-13 12:00:00+05:30,20.58,20.6,20.51,20.52,0
2026-04-13 12:15:00+05:30,20.52,20.61,20.52,20.56,0
2026-04-13 12:30:00+05:30,20.56,20.7,20.53,20.56,0
2026-04-13 12:45:00+05:30,20.56,20.65,20.56,20.64,0
2026-04-13 13:00:00+05:30,20.64,20.72,20.62,20.62,0
2026-04-13 13:15:00+05:30,20.62,20.64,20.57,20.62,0
2026-04-13 13:30:00+05:30,20.62,20.62,20.46,20.47,0
2026-04-13 13:45:00+05:30,20.47,20.49,20.24,20.28,0
2026-04-13 14:00:00+05:30,20.28,20.63,20.27,20.6,0
2026-04-13 14:15:00+05:30,20.6,20.64,20.42,20.49,0
2026-04-13 14:30:00+05:30,20.48,20.59,20.38,20.54,0
2026-04-13 14:45:00+05:30,20.54,20.59,20.4,20.42,0
2026-04-13 15:00:00+05:30,20.41,20.56,20.36,20.56,0
2026-04-13 15:15:00+05:30,20.56,20.57,20.4,20.42,0
2026-04-15 09:15:00+05:30,20.5,20.5,17.34,18.6,0
2026-04-15 09:30:00+05:30,18.6,19.02,18.59,18.72,0
2026-04-15 09:45:00+05:30,18.72,18.81,18.66,18.69,0
2026-04-15 10:00:00+05:30,18.69,18.72,18.53,18.58,0
2026-04-15 10:15:00+05:30,18.57,18.63,18.52,18.59,0
2026-04-15 10:30:00+05:30,18.59,18.68,18.55,18.68,0
2026-04-15 10:45:00+05:30,18.68,18.77,18.62,18.76,0
2026-04-15 11:00:00+05:30,18.77,18.93,18.74,18.92,0
2026-04-15 11:15:00+05:30,18.93,19.03,18.81,18.9,0
2026-04-15 11:30:00+05:30,18.9,18.91,18.73,18.73,0
2026-04-15 11:45:00+05:30,18.73,18.8,18.65,18.68,0
2026-04-15 12:00:00+05:30,18.68,18.69,18.59,18.62,0
2026-04-15 12:15:00+05:30,18.62,18.7,18.58,18.62,0
2026-04-15 12:30:00+05:30,18.62,18.67,18.58,18.62,0
2026-04-15 12:45:00+05:30,18.64,18.73,18.59,18.72,0
2026-04-15 13:00:00+05:30,18.72,18.78,18.46,18.64,0
2026-04-15 13:15:00+05:30,18.64,18.77,18.61,18.77,0
2026-04-15 13:30:00+05:30,18.77,18.78,18.62,18.63,0
2026-04-15 13:45:00+05:30,18.63,18.74,18.62,18.63,0
2026-04-15 14:00:00+05:30,18.63,18.64,18.54,18.57,0
2026-04-15 14:15:00+05:30,18.57,18.6,18.53,18.53,0
2026-04-15 14:30:00+05:30,18.53,18.63,18.48,18.63,0
2026-04-15 14:45:00+05:30,18.63,18.65,18.5,18.53,0
2026-04-15 15:00:00+05:30,18.53,18.7,18.52,18.65,0
2026-04-15 15:15:00+05:30,18.65,18.77,18.65,18.76,0
2026-04-16 09:15:00+05:30,18.67,18.67,16.83,17.91,0
2026-04-16 09:30:00+05:30,17.91,18.26,17.89,18.22,0
2026-04-16 09:45:00+05:30,18.24,18.37,18.12,18.36,0
2026-04-16 10:00:00+05:30,18.36,18.36,18.13,18.14,0
2026-04-16 10:15:00+05:30,18.14,18.18,18.05,18.11,0
2026-04-16 10:30:00+05:30,18.11,18.11,17.96,17.97,0
2026-04-16 10:45:00+05:30,17.97,17.97,17.9,17.94,0
2026-04-16 11:00:00+05:30,17.94,17.94,17.8,17.87,0
2026-04-16 11:15:00+05:30,17.87,18.02,17.81,17.96,0
2026-04-16 11:30:00+05:30,17.96,18.13,17.94,18.12,0
2026-04-16 11:45:00+05:30,18.12,18.36,18.11,18.35,0
2026-04-16 12:00:00+05:30,18.35,18.53,18.31,18.35,0
2026-04-16 12:15:00+05:30,18.34,18.5,18.34,18.47,0
2026-04-16 12:30:00+05:30,18.47,18.61,18.41,18.47,0
2026-04-16 12:45:00+05:30,18.47,18.52,18.41,18.45,0
2026-04-16 13:00:00+05:30,18.45,18.62,18.41,18.56,0
2026-04-16 13:15:00+05:30,18.56,18.6,18.42,18.46,0
2026-04-16 13:30:00+05:30,18.46,18.46,18.36,18.38,0
2026-04-16 13:45:00+05:30,18.38,18.39,18.12,18.13,0
2026-04-16 14:00:00+05:30,18.13,18.34,18.13,18.2,0
2026-04-16 14:15:00+05:30,18.2,18.25,18.08,18.08,0
2026-04-16 14:30:00+05:30,18.08,18.12,18.0,18.06,0
2026-04-16 14:45:00+05:30,18.06,18.06,17.93,17.95,0
2026-04-16 15:00:00+05:30,17.95,18.15,17.93,18.15,0
2026-04-16 15:15:00+05:30,18.14,18.18,18.09,18.17,0
2026-04-17 09:15:00+05:30,18.09,18.47,16.59,18.19,0
2026-04-17 09:30:00+05:30,18.19,18.23,18.1,18.14,0
2026-04-17 09:45:00+05:30,18.13,18.14,18.0,18.02,0
2026-04-17 10:00:00+05:30,18.02,18.02,17.91,17.93,0
2026-04-17 10:15:00+05:30,17.93,17.93,17.77,17.81,0
2026-04-17 10:30:00+05:30,17.81,17.94,17.79,17.91,0
2026-04-17 10:45:00+05:30,17.91,17.93,17.85,17.89,0
2026-04-17 11:00:00+05:30,17.89,17.95,17.83,17.84,0
2026-04-17 11:15:00+05:30,17.84,17.85,17.78,17.78,0
2026-04-17 11:30:00+05:30,17.78,17.79,17.66,17.66,0
2026-04-17 11:45:00+05:30,17.66,17.74,17.65,17.69,0
2026-04-17 12:00:00+05:30,17.69,17.76,17.62,17.63,0
2026-04-17 12:15:00+05:30,17.63,17.65,17.58,17.61,0
2026-04-17 12:30:00+05:30,17.61,17.71,17.61,17.68,0
2026-04-17 12:45:00+05:30,17.67,17.7,17.63,17.67,0
2026-04-17 13:00:00+05:30,17.67,17.69,17.53,17.54,0
2026-04-17 13:15:00+05:30,17.54,17.57,17.47,17.48,0
2026-04-17 13:30:00+05:30,17.48,17.52,17.44,17.48,0
2026-04-17 13:45:00+05:30,17.48,17.48,17.36,17.36,0
2026-04-17 14:00:00+05:30,17.36,17.38,17.32,17.36,0
2026-04-17 14:15:00+05:30,17.36,17.39,17.25,17.25,0
2026-04-17 14:30:00+05:30,17.25,17.3,17.12,17.25,0
2026-04-17 14:45:00+05:30,17.25,17.31,17.24,17.25,0
2026-04-17 15:00:00+05:30,17.26,17.28,17.14,17.14,0
2026-04-17 15:15:00+05:30,17.15,17.27,17.14,17.17,0
2026-04-20 09:15:00+05:30,17.21,18.44,16.48,18.2,0
2026-04-20 09:30:00+05:30,18.2,18.34,18.1,18.32,0
2026-04-20 09:45:00+05:30,18.33,18.43,18.28,18.36,0
2026-04-20 10:00:00+05:30,18.36,18.38,18.17,18.2,0
2026-04-20 10:15:00+05:30,18.19,18.21,18.03,18.04,0
2026-04-20 10:30:00+05:30,18.05,18.06,17.95,17.97,0
2026-04-20 10:45:00+05:30,17.98,18.04,17.94,17.98,0
2026-04-20 11:00:00+05:30,17.98,18.13,17.97,18.09,0
2026-04-20 11:15:00+05:30,18.09,18.09,18.0,18.06,0
2026-04-20 11:30:00+05:30,18.06,18.12,18.02,18.09,0
2026-04-20 11:45:00+05:30,18.09,18.12,18.04,18.12,0
2026-04-20 12:00:00+05:30,18.12,18.18,18.08,18.16,0
2026-04-20 12:15:00+05:30,18.16,18.2,18.11,18.11,0
2026-04-20 12:30:00+05:30,18.11,18.18,18.09,18.16,0
2026-04-20 12:45:00+05:30,18.16,18.21,18.09,18.2,0
2026-04-20 13:00:00+05:30,18.2,18.52,18.18,18.38,0
2026-04-20 13:15:00+05:30,18.38,18.87,18.38,18.76,0
2026-04-20 13:30:00+05:30,18.76,18.88,18.62,18.66,0
2026-04-20 13:45:00+05:30,18.65,18.79,18.65,18.77,0
2026-04-20 14:00:00+05:30,18.77,18.82,18.7,18.73,0
2026-04-20 14:15:00+05:30,18.72,18.78,18.45,18.48,0
2026-04-20 14:30:00+05:30,18.48,18.69,18.48,18.66,0
2026-04-20 14:45:00+05:30,18.66,18.82,18.61,18.64,0
2026-04-20 15:00:00+05:30,18.64,18.78,18.53,18.77,0
2026-04-20 15:15:00+05:30,18.77,19.01,18.77,19.01,0
2026-04-21 09:15:00+05:30,18.79,18.79,18.04,18.19,0
2026-04-21 09:30:00+05:30,18.2,18.2,18.03,18.09,0
2026-04-21 09:45:00+05:30,18.09,18.09,17.89,17.96,0
2026-04-21 10:00:00+05:30,17.96,17.98,17.84,17.87,0
2026-04-21 10:15:00+05:30,17.87,17.97,17.84,17.95,0
2026-04-21 10:30:00+05:30,17.95,17.96,17.69,17.73,0
2026-04-21 10:45:00+05:30,17.73,17.78,17.68,17.69,0
2026-04-21 11:00:00+05:30,17.69,17.75,17.63,17.64,0
2026-04-21 11:15:00+05:30,17.64,17.73,17.59,17.71,0
2026-04-21 11:30:00+05:30,17.72,17.74,17.68,17.72,0
2026-04-21 11:45:00+05:30,17.72,17.74,17.63,17.71,0
2026-04-21 12:00:00+05:30,17.71,17.72,17.55,17.63,0
2026-04-21 12:15:00+05:30,17.63,17.66,17.53,17.64,0
2026-04-21 12:30:00+05:30,17.64,17.71,17.64,17.68,0
2026-04-21 12:45:00+05:30,17.68,17.77,17.68,17.74,0
2026-04-21 13:00:00+05:30,17.74,17.77,17.64,17.66,0
2026-04-21 13:15:00+05:30,17.65,17.67,17.6,17.6,0
2026-04-21 13:30:00+05:30,17.61,17.78,17.61,17.77,0
2026-04-21 13:45:00+05:30,17.77,17.79,17.57,17.57,0
2026-04-21 14:00:00+05:30,17.57,17.69,17.55,17.65,0
2026-04-21 14:15:00+05:30,17.65,17.67,17.53,17.57,0
2026-04-21 14:30:00+05:30,17.57,17.68,17.57,17.66,0
2026-04-21 14:45:00+05:30,17.67,17.69,17.56,17.56,0
2026-04-21 15:00:00+05:30,17.56,17.58,17.45,17.53,0
2026-04-21 15:15:00+05:30,17.53,17.6,17.48,17.57,0
2026-04-22 09:15:00+05:30,17.53,18.17,17.25,18.16,0
2026-04-22 09:30:00+05:30,18.17,18.26,18.08,18.25,0
2026-04-22 09:45:00+05:30,18.25,18.41,18.23,18.38,0
2026-04-22 10:00:00+05:30,18.38,18.59,18.38,18.52,0
2026-04-22 10:15:00+05:30,18.52,18.73,18.49,18.61,0
2026-04-22 10:30:00+05:30,18.61,18.64,18.34,18.36,0
2026-04-22 10:45:00+05:30,18.36,18.42,18.22,18.28,0
2026-04-22 11:00:00+05:30,18.28,18.37,18.27,18.32,0
2026-04-22 11:15:00+05:30,18.31,18.35,18.14,18.22,0
2026-04-22 11:30:00+05:30,18.21,18.23,18.1,18.22,0
2026-04-22 11:45:00+05:30,18.23,18.42,18.14,18.14,0
2026-04-22 12:00:00+05:30,18.14,18.22,18.05,18.18,0
2026-04-22 12:15:00+05:30,18.18,18.32,18.15,18.28,0
2026-04-22 12:30:00+05:30,18.29,18.35,18.18,18.2,0
2026-04-22 12:45:00+05:30,18.2,18.32,18.11,18.11,0
2026-04-22 13:00:00+05:30,18.11,18.18,18.09,18.11,0
2026-04-22 13:15:00+05:30,18.11,18.34,18.09,18.18,0
2026-04-22 13:30:00+05:30,18.19,18.21,18.06,18.07,0
2026-04-22 13:45:00+05:30,18.07,18.2,17.99,18.03,0
2026-04-22 14:00:00+05:30,18.03,18.22,17.9,18.18,0
2026-04-22 14:15:00+05:30,18.18,18.31,18.16,18.25,0
2026-04-22 14:30:00+05:30,18.25,18.33,18.19,18.32,0
2026-04-22 14:45:00+05:30,18.33,18.35,18.2,18.24,0
2026-04-22 15:00:00+05:30,18.24,18.4,18.24,18.28,0
2026-04-22 15:15:00+05:30,18.28,18.34,18.2,18.2,0
2026-04-23 09:15:00+05:30,18.3,19.12,17.49,18.8,0
2026-04-23 09:30:00+05:30,18.8,18.93,18.61,18.62,0
2026-04-23 09:45:00+05:30,18.61,18.68,18.58,18.62,0
2026-04-23 10:00:00+05:30,18.62,18.63,18.54,18.6,0
2026-04-23 10:15:00+05:30,18.6,18.64,18.56,18.62,0
2026-04-23 10:30:00+05:30,18.62,18.79,18.59,18.72,0
2026-04-23 10:45:00+05:30,18.72,18.9,18.71,18.73,0
2026-04-23 11:00:00+05:30,18.74,18.87,18.7,18.87,0
2026-04-23 11:15:00+05:30,18.87,18.91,18.8,18.82,0
2026-04-23 11:30:00+05:30,18.82,18.91,18.75,18.83,0
2026-04-23 11:45:00+05:30,18.83,18.85,18.64,18.66,0
2026-04-23 12:00:00+05:30,18.66,18.75,18.62,18.65,0
2026-04-23 12:15:00+05:30,18.65,18.71,18.51,18.71,0
2026-04-23 12:30:00+05:30,18.71,18.78,18.6,18.6,0
2026-04-23 12:45:00+05:30,18.6,18.66,18.5,18.5,0
2026-04-23 13:00:00+05:30,18.5,18.52,18.43,18.48,0
2026-04-23 13:15:00+05:30,18.47,18.48,18.25,18.29,0
2026-04-23 13:30:00+05:30,18.29,18.47,18.25,18.43,0
2026-04-23 13:45:00+05:30,18.43,18.47,18.27,18.29,0
2026-04-23 14:00:00+05:30,18.28,18.47,18.25,18.43,0
2026-04-23 14:15:00+05:30,18.43,18.56,18.39,18.56,0
2026-04-23 14:30:00+05:30,18.55,18.73,18.55,18.73,0
2026-04-23 14:45:00+05:30,18.72,18.79,18.58,18.6,0
2026-04-23 15:00:00+05:30,18.59,18.71,18.47,18.7,0
2026-04-23 15:15:00+05:30,18.71,18.72,18.55,18.55,0
2026-04-24 09:15:00+05:30,18.59,18.94,18.06,18.91,0
2026-04-24 09:30:00+05:30,18.91,19.16,18.88,19.09,0
2026-04-24 09:45:00+05:30,19.09,19.43,19.08,19.36,0
2026-04-24 10:00:00+05:30,19.36,19.42,19.07,19.11,0
2026-04-24 10:15:00+05:30,19.11,19.36,19.11,19.24,0
2026-04-24 10:30:00+05:30,19.24,19.34,19.19,19.29,0
2026-04-24 10:45:00+05:30,19.29,19.42,19.21,19.29,0
2026-04-24 11:00:00+05:30,19.28,19.36,19.23,19.36,0
2026-04-24 11:15:00+05:30,19.36,19.4,19.23,19.25,0
2026-04-24 11:30:00+05:30,19.23,19.3,19.17,19.19,0
2026-04-24 11:45:00+05:30,19.19,19.4,19.18,19.32,0
2026-04-24 12:00:00+05:30,19.32,19.35,19.17,19.17,0
2026-04-24 12:15:00+05:30,19.17,19.41,19.12,19.37,0
2026-04-24 12:30:00+05:30,19.36,19.4,19.19,19.36,0
2026-04-24 12:45:00+05:30,19.36,19.37,19.23,19.28,0
2026-04-24 13:00:00+05:30,19.26,19.46,19.25,19.41,0
2026-04-24 13:15:00+05:30,19.4,19.51,19.39,19.47,0
2026-04-24 13:30:00+05:30,19.47,19.79,19.47,19.77,0
2026-04-24 13:45:00+05:30,19.77,19.81,19.64,19.74,0
2026-04-24 14:00:00+05:30,19.74,19.9,19.68,19.68,0
2026-04-24 14:15:00+05:30,19.68,19.72,19.46,19.49,0
2026-04-24 14:30:00+05:30,19.48,19.53,19.34,19.51,0
2026-04-24 14:45:00+05:30,19.51,19.56,19.42,19.46,0
2026-04-24 15:00:00+05:30,19.47,19.81,19.46,19.8,0
2026-04-24 15:15:00+05:30,19.8,19.83,19.65,19.72,0
2026-04-27 09:15:00+05:30,19.71,19.71,18.47,18.99,0
2026-04-27 09:30:00+05:30,18.99,19.07,18.88,18.89,0
2026-04-27 09:45:00+05:30,18.9,18.93,18.72,18.77,0
2026-04-27 10:00:00+05:30,18.78,18.82,18.7,18.77,0
2026-04-27 10:15:00+05:30,18.77,18.78,18.59,18.69,0
2026-04-27 10:30:00+05:30,18.69,18.92,18.65,18.75,0
2026-04-27 10:45:00+05:30,18.74,18.77,18.46,18.53,0
2026-04-27 11:00:00+05:30,18.53,18.61,18.44,18.47,0
2026-04-27 11:15:00+05:30,18.47,18.68,18.47,18.66,0
2026-04-27 11:30:00+05:30,18.67,19.12,18.66,19.08,0
2026-04-27 11:45:00+05:30,19.08,19.16,18.82,18.82,0
2026-04-27 12:00:00+05:30,18.82,18.93,18.77,18.78,0
2026-04-27 12:15:00+05:30,18.78,18.83,18.72,18.72,0
2026-04-27 12:30:00+05:30,18.72,18.78,18.63,18.66,0
2026-04-27 12:45:00+05:30,18.66,18.72,18.63,18.67,0
2026-04-27 13:00:00+05:30,18.67,18.7,18.59,18.62,0
2026-04-27 13:15:00+05:30,18.61,18.61,18.48,18.57,0
2026-04-27 13:30:00+05:30,18.57,18.6,18.46,18.47,0
2026-04-27 13:45:00+05:30,18.47,18.5,18.4,18.4,0
2026-04-27 14:00:00+05:30,18.4,18.49,18.38,18.45,0
2026-04-27 14:15:00+05:30,18.45,18.57,18.44,18.57,0
2026-04-27 14:30:00+05:30,18.57,18.64,18.52,18.56,0
2026-04-27 14:45:00+05:30,18.56,18.58,18.43,18.44,0
2026-04-27 15:00:00+05:30,18.44,18.47,18.27,18.29,0
2026-04-27 15:15:00+05:30,18.3,18.47,18.3,18.36,0
2026-04-28 09:15:00+05:30,18.38,18.41,17.87,18.02,0
2026-04-28 09:30:00+05:30,18.01,18.05,17.86,17.88,0
2026-04-28 09:45:00+05:30,17.88,17.88,17.68,17.7,0
2026-04-28 10:00:00+05:30,17.7,17.73,17.62,17.65,0
2026-04-28 10:15:00+05:30,17.65,17.7,17.53,17.54,0
2026-04-28 10:30:00+05:30,17.54,17.54,17.46,17.47,0
2026-04-28 10:45:00+05:30,17.47,17.48,17.28,17.31,0
2026-04-28 11:00:00+05:30,17.3,17.48,17.27,17.41,0
2026-04-28 11:15:00+05:30,17.41,17.85,17.4,17.85,0
2026-04-28 11:30:00+05:30,17.85,17.88,17.7,17.73,0
2026-04-28 11:45:00+05:30,17.73,17.86,17.64,17.85,0
2026-04-28 12:00:00+05:30,17.85,17.92,17.84,17.91,0
2026-04-28 12:15:00+05:30,17.91,18.09,17.89,18.06,0
2026-04-28 12:30:00+05:30,18.06,18.14,18.03,18.1,0
2026-04-28 12:45:00+05:30,18.1,18.11,17.93,17.94,0
2026-04-28 13:00:00+05:30,17.95,17.95,17.82,17.92,0
2026-04-28 13:15:00+05:30,17.92,17.96,17.79,17.86,0
2026-04-28 13:30:00+05:30,17.86,18.24,17.84,18.02,0
2026-04-28 13:45:00+05:30,18.02,18.16,18.01,18.03,0
2026-04-28 14:00:00+05:30,18.03,18.16,17.99,18.14,0
2026-04-28 14:15:00+05:30,18.14,18.23,18.06,18.12,0
2026-04-28 14:30:00+05:30,18.12,18.12,17.93,17.93,0
2026-04-28 14:45:00+05:30,17.93,17.97,17.82,17.83,0
2026-04-28 15:00:00+05:30,17.83,18.09,17.82,18.09,0
2026-04-28 15:15:00+05:30,18.09,18.15,17.98,18.09,0
2026-04-29 09:15:00+05:30,18.05,18.05,17.27,17.37,0
2026-04-29 09:30:00+05:30,17.36,17.36,17.11,17.12,0
2026-04-29 09:45:00+05:30,17.11,17.15,16.97,16.98,0
2026-04-29 10:00:00+05:30,16.99,17.01,16.75,16.89,0
2026-04-29 10:15:00+05:30,16.89,17.05,16.85,16.95,0
2026-04-29 10:30:00+05:30,16.95,17.0,16.92,16.95,0
2026-04-29 10:45:00+05:30,16.95,17.0,16.87,16.98,0
2026-04-29 11:00:00+05:30,16.99,17.05,16.96,17.01,0
2026-04-29 11:15:00+05:30,17.02,17.17,17.0,17.15,0
2026-04-29 11:30:00+05:30,17.15,17.15,17.02,17.05,0
2026-04-29 11:45:00+05:30,17.05,17.07,16.99,17.01,0
2026-04-29 12:00:00+05:30,17.0,17.04,16.91,17.0,0
2026-04-29 12:15:00+05:30,17.0,17.01,16.86,16.91,0
2026-04-29 12:30:00+05:30,16.91,16.96,16.9,16.92,0
2026-04-29 12:45:00+05:30,16.92,16.97,16.89,16.95,0
2026-04-29 13:00:00+05:30,16.95,17.03,16.94,17.03,0
2026-04-29 13:15:00+05:30,17.03,17.11,16.95,17.11,0
2026-04-29 13:30:00+05:30,17.1,17.22,17.09,17.17,0
2026-04-29 13:45:00+05:30,17.17,17.25,17.15,17.23,0
2026-04-29 14:00:00+05:30,17.24,17.41,17.23,17.34,0
2026-04-29 14:15:00+05:30,17.34,17.47,17.32,17.41,0
2026-04-29 14:30:00+05:30,17.4,17.49,17.37,17.46,0
2026-04-29 14:45:00+05:30,17.46,17.5,17.41,17.42,0
2026-04-29 15:00:00+05:30,17.44,17.5,17.38,17.4,0
2026-04-29 15:15:00+05:30,17.4,17.54,17.31,17.35,0
2026-04-30 09:15:00+05:30,17.44,18.59,17.19,18.37,0
2026-04-30 09:30:00+05:30,18.37,18.47,18.16,18.24,0
2026-04-30 09:45:00+05:30,18.25,18.74,18.22,18.73,0
2026-04-30 10:00:00+05:30,18.71,19.13,18.69,19.12,0
2026-04-30 10:15:00+05:30,19.09,19.32,19.05,19.19,0
2026-04-30 10:30:00+05:30,19.19,19.26,19.08,19.12,0
2026-04-30 10:45:00+05:30,19.12,19.48,19.11,19.42,0
2026-04-30 11:00:00+05:30,19.42,19.42,19.22,19.36,0
2026-04-30 11:15:00+05:30,19.36,19.42,19.23,19.29,0
2026-04-30 11:30:00+05:30,19.29,19.44,19.16,19.4,0
2026-04-30 11:45:00+05:30,19.39,19.4,19.23,19.23,0
2026-04-30 12:00:00+05:30,19.23,19.27,18.78,18.78,0
2026-04-30 12:15:00+05:30,18.78,18.93,18.64,18.66,0
2026-04-30 12:30:00+05:30,18.66,18.83,18.65,18.71,0
2026-04-30 12:45:00+05:30,18.72,18.73,18.46,18.46,0
2026-04-30 13:00:00+05:30,18.46,18.59,18.41,18.46,0
2026-04-30 13:15:00+05:30,18.46,18.53,18.43,18.49,0
2026-04-30 13:30:00+05:30,18.49,18.54,18.33,18.37,0
2026-04-30 13:45:00+05:30,18.37,18.5,18.35,18.4,0
2026-04-30 14:00:00+05:30,18.4,18.53,18.34,18.48,0
2026-04-30 14:15:00+05:30,18.48,18.64,18.44,18.56,0
2026-04-30 14:30:00+05:30,18.56,18.64,18.38,18.39,0
2026-04-30 14:45:00+05:30,18.39,18.54,18.35,18.52,0
2026-04-30 15:00:00+05:30,18.52,18.64,18.42,18.54,0
2026-04-30 15:15:00+05:30,18.54,18.58,18.14,18.18,0
2026-05-04 09:15:00+05:30,18.46,18.46,16.75,17.78,0
2026-05-04 09:30:00+05:30,17.78,17.93,17.66,17.68,0
2026-05-04 09:45:00+05:30,17.68,18.09,17.63,18.02,0
2026-05-04 10:00:00+05:30,18.02,18.19,17.93,18.18,0
2026-05-04 10:15:00+05:30,18.19,18.37,18.1,18.11,0
2026-05-04 10:30:00+05:30,18.11,18.3,18.03,18.1,0
2026-05-04 10:45:00+05:30,18.1,18.16,18.02,18.15,0
2026-05-04 11:00:00+05:30,18.15,18.21,17.99,17.99,0
2026-05-04 11:15:00+05:30,17.99,18.04,17.93,17.93,0
2026-05-04 11:30:00+05:30,17.93,18.0,17.88,17.89,0
2026-05-04 11:45:00+05:30,17.89,17.97,17.85,17.91,0
2026-05-04 12:00:00+05:30,17.91,18.43,17.88,18.43,0
2026-05-04 12:15:00+05:30,18.43,18.48,18.17,18.26,0
2026-05-04 12:30:00+05:30,18.26,18.48,18.26,18.47,0
2026-05-04 12:45:00+05:30,18.47,18.48,18.28,18.38,0
2026-05-04 13:00:00+05:30,18.38,18.47,18.24,18.3,0
2026-05-04 13:15:00+05:30,18.3,18.69,18.29,18.69,0
2026-05-04 13:30:00+05:30,18.68,18.88,18.47,18.47,0
2026-05-04 13:45:00+05:30,18.47,18.65,18.38,18.59,0
2026-05-04 14:00:00+05:30,18.58,18.69,18.33,18.41,0
2026-05-04 14:15:00+05:30,18.39,18.41,18.13,18.32,0
2026-05-04 14:30:00+05:30,18.31,18.43,18.15,18.42,0
2026-05-04 14:45:00+05:30,18.42,18.57,18.33,18.46,0
2026-05-04 15:00:00+05:30,18.46,18.56,18.17,18.31,0
2026-05-04 15:15:00+05:30,18.31,18.33,18.16,18.27,0
2026-05-05 09:15:00+05:30,18.3,18.84,17.71,18.83,0
2026-05-05 09:30:00+05:30,18.83,18.84,18.64,18.67,0
2026-05-05 09:45:00+05:30,18.67,18.68,18.47,18.51,0
2026-05-05 10:00:00+05:30,18.51,18.7,18.47,18.64,0
2026-05-05 10:15:00+05:30,18.64,18.7,18.58,18.65,0
2026-05-05 10:30:00+05:30,18.65,18.8,18.62,18.7,0
2026-05-05 10:45:00+05:30,18.7,18.78,18.59,18.76,0
2026-05-05 11:00:00+05:30,18.76,18.77,18.51,18.54,0
2026-05-05 11:15:00+05:30,18.54,18.63,18.46,18.58,0
2026-05-05 11:30:00+05:30,18.58,18.59,18.43,18.58,0
2026-05-05 11:45:00+05:30,18.58,18.79,18.56,18.75,0
2026-05-05 12:00:00+05:30,18.74,18.75,18.48,18.51,0
2026-05-05 12:15:00+05:30,18.51,18.55,18.33,18.5,0
2026-05-05 12:30:00+05:30,18.51,18.53,18.36,18.39,0
2026-05-05 12:45:00+05:30,18.39,18.4,18.26,18.27,0
2026-05-05 13:00:00+05:30,18.27,18.3,18.02,18.11,0
2026-05-05 13:15:00+05:30,18.11,18.16,18.03,18.14,0
2026-05-05 13:30:00+05:30,18.14,18.18,18.05,18.06,0
2026-05-05 13:45:00+05:30,18.06,18.17,18.05,18.1,0
2026-05-05 14:00:00+05:30,18.11,18.18,18.1,18.1,0
2026-05-05 14:15:00+05:30,18.1,18.2,17.96,17.97,0
2026-05-05 14:30:00+05:30,17.97,18.07,17.95,18.02,0
2026-05-05 14:45:00+05:30,18.02,18.06,17.96,18.01,0
2026-05-05 15:00:00+05:30,18.01,18.04,17.85,17.86,0
2026-05-05 15:15:00+05:30,17.86,17.87,17.77,17.8,0
2026-05-06 09:15:00+05:30,17.91,17.91,16.77,17.37,0
2026-05-06 09:30:00+05:30,17.37,17.59,17.3,17.51,0
2026-05-06 09:45:00+05:30,17.51,17.6,17.28,17.36,0
2026-05-06 10:00:00+05:30,17.36,17.52,17.35,17.4,0
2026-05-06 10:15:00+05:30,17.4,17.46,17.26,17.39,0
2026-05-06 10:30:00+05:30,17.39,17.44,17.22,17.25,0
2026-05-06 10:45:00+05:30,17.25,17.5,17.24,17.48,0
2026-05-06 11:00:00+05:30,17.49,17.65,17.43,17.47,0
2026-05-06 11:15:00+05:30,17.47,17.51,17.36,17.38,0
2026-05-06 11:30:00+05:30,17.38,17.58,17.31,17.37,0
2026-05-06 11:45:00+05:30,17.37,17.39,17.21,17.22,0
2026-05-06 12:00:00+05:30,17.22,17.44,17.2,17.42,0
2026-05-06 12:15:00+05:30,17.43,17.81,17.42,17.64,0
2026-05-06 12:30:00+05:30,17.63,17.83,17.63,17.8,0
2026-05-06 12:45:00+05:30,17.81,18.04,17.77,17.82,0
2026-05-06 13:00:00+05:30,17.81,18.08,17.8,17.8,0
2026-05-06 13:15:00+05:30,17.8,17.85,17.5,17.54,0
2026-05-06 13:30:00+05:30,17.54,17.56,17.36,17.44,0
2026-05-06 13:45:00+05:30,17.44,17.47,17.34,17.41,0
2026-05-06 14:00:00+05:30,17.41,17.45,17.21,17.23,0
2026-05-06 14:15:00+05:30,17.22,17.23,16.81,16.83,0
2026-05-06 14:30:00+05:30,16.83,17.03,16.75,16.9,0
2026-05-06 14:45:00+05:30,16.9,16.94,16.69,16.73,0
2026-05-06 15:00:00+05:30,16.73,16.81,16.61,16.66,0
2026-05-06 15:15:00+05:30,16.66,16.73,16.58,16.62,0
2026-05-07 09:15:00+05:30,16.68,16.99,15.17,16.96,0
2026-05-07 09:30:00+05:30,16.96,16.99,16.61,16.72,0
2026-05-07 09:45:00+05:30,16.72,16.89,16.61,16.76,0
2026-05-07 10:00:00+05:30,16.76,16.89,16.65,16.84,0
2026-05-07 10:15:00+05:30,16.87,16.88,16.71,16.77,0
2026-05-07 10:30:00+05:30,16.77,16.8,16.7,16.73,0
2026-05-07 10:45:00+05:30,16.73,16.83,16.7,16.78,0
2026-05-07 11:00:00+05:30,16.78,16.93,16.78,16.91,0
2026-05-07 11:15:00+05:30,16.91,17.18,16.88,17.04,0
2026-05-07 11:30:00+05:30,17.04,17.13,16.87,17.12,0
2026-05-07 11:45:00+05:30,17.12,17.2,16.87,16.91,0
2026-05-07 12:00:00+05:30,16.91,16.92,16.68,16.69,0
2026-05-07 12:15:00+05:30,16.69,16.84,16.59,16.84,0
2026-05-07 12:30:00+05:30,16.84,16.94,16.6,16.6,0
2026-05-07 12:45:00+05:30,16.6,16.78,16.59,16.76,0
2026-05-07 13:00:00+05:30,16.76,16.86,16.74,16.77,0
2026-05-07 13:15:00+05:30,16.77,16.93,16.72,16.86,0
2026-05-07 13:30:00+05:30,16.86,16.91,16.79,16.85,0
2026-05-07 13:45:00+05:30,16.85,16.89,16.78,16.8,0
2026-05-07 14:00:00+05:30,16.8,16.85,16.74,16.76,0
2026-05-07 14:15:00+05:30,16.76,16.89,16.72,16.75,0
2026-05-07 14:30:00+05:30,16.75,16.85,16.73,16.83,0
2026-05-07 14:45:00+05:30,16.83,16.84,16.72,16.73,0
2026-05-07 15:00:00+05:30,16.73,16.76,16.64,16.68,0
2026-05-07 15:15:00+05:30,16.68,16.7,16.37,16.45,0
2026-05-08 09:15:00+05:30,16.62,17.06,16.16,17.04,0
2026-05-08 09:30:00+05:30,17.04,17.21,16.97,17.21,0
2026-05-08 09:45:00+05:30,17.21,17.43,17.18,17.18,0
2026-05-08 10:00:00+05:30,17.18,17.21,17.04,17.06,0
2026-05-08 10:15:00+05:30,17.06,17.15,16.97,17.03,0
2026-05-08 10:30:00+05:30,17.04,17.05,17.0,17.02,0
2026-05-08 10:45:00+05:30,17.02,17.13,17.01,17.1,0
2026-05-08 11:00:00+05:30,17.1,17.12,17.01,17.05,0
2026-05-08 11:15:00+05:30,17.05,17.12,17.0,17.1,0
2026-05-08 11:30:00+05:30,17.09,17.17,17.0,17.03,0
2026-05-08 11:45:00+05:30,17.02,17.07,16.99,17.05,0
2026-05-08 12:00:00+05:30,17.04,17.12,17.0,17.11,0
2026-05-08 12:15:00+05:30,17.11,17.16,17.08,17.09,0
2026-05-08 12:30:00+05:30,17.09,17.2,17.08,17.18,0
2026-05-08 12:45:00+05:30,17.21,17.28,17.14,17.19,0
2026-05-08 13:00:00+05:30,17.18,17.23,17.1,17.15,0
2026-05-08 13:15:00+05:30,17.15,17.19,16.91,16.93,0
2026-05-08 13:30:00+05:30,16.93,17.09,16.9,17.05,0
2026-05-08 13:45:00+05:30,17.05,17.16,17.02,17.14,0
2026-05-08 14:00:00+05:30,17.14,17.33,17.07,17.2,0
2026-05-08 14:15:00+05:30,17.2,17.26,17.17,17.19,0
2026-05-08 14:30:00+05:30,17.2,17.2,16.84,16.9,0
2026-05-08 14:45:00+05:30,16.9,16.93,16.75,16.8,0
2026-05-08 15:00:00+05:30,16.8,16.91,16.77,16.81,0
2026-05-08 15:15:00+05:30,16.81,16.94,16.73,16.92,0
2026-05-11 09:15:00+05:30,16.84,18.71,16.84,18.31,0
2026-05-11 09:30:00+05:30,18.31,18.94,18.29,18.93,0
2026-05-11 09:45:00+05:30,18.93,18.97,18.67,18.74,0
2026-05-11 10:00:00+05:30,18.74,18.76,18.55,18.57,0
2026-05-11 10:15:00+05:30,18.56,18.72,18.54,18.6,0
2026-05-11 10:30:00+05:30,18.58,18.66,18.53,18.54,0
2026-05-11 10:45:00+05:30,18.54,18.61,18.44,18.49,0
2026-05-11 11:00:00+05:30,18.49,18.55,18.35,18.42,0
2026-05-11 11:15:00+05:30,18.41,18.41,18.21,18.27,0
2026-05-11 11:30:00+05:30,18.27,18.34,18.13,18.16,0
2026-05-11 11:45:00+05:30,18.16,18.32,18.11,18.32,0
2026-05-11 12:00:00+05:30,18.32,18.32,18.25,18.26,0
2026-05-11 12:15:00+05:30,18.27,18.32,18.25,18.29,0
2026-05-11 12:30:00+05:30,18.31,18.39,18.17,18.19,0
2026-05-11 12:45:00+05:30,18.19,18.27,18.17,18.24,0
2026-05-11 13:00:00+05:30,18.24,18.43,18.22,18.26,0
2026-05-11 13:15:00+05:30,18.26,18.27,18.22,18.25,0
2026-05-11 13:30:00+05:30,18.25,18.27,18.13,18.19,0
2026-05-11 13:45:00+05:30,18.19,18.2,18.08,18.17,0
2026-05-11 14:00:00+05:30,18.17,18.2,18.14,18.17,0
2026-05-11 14:15:00+05:30,18.17,18.26,18.11,18.24,0
2026-05-11 14:30:00+05:30,18.24,18.34,18.17,18.33,0
2026-05-11 14:45:00+05:30,18.33,18.39,18.23,18.38,0
2026-05-11 15:00:00+05:30,18.37,18.68,18.36,18.53,0
2026-05-11 15:15:00+05:30,18.53,18.64,18.49,18.51,0
2026-05-12 09:15:00+05:30,18.55,18.75,17.63,18.58,0
2026-05-12 09:30:00+05:30,18.58,18.71,18.42,18.64,0
2026-05-12 09:45:00+05:30,18.64,18.93,18.49,18.92,0
2026-05-12 10:00:00+05:30,18.92,18.92,18.71,18.72,0
2026-05-12 10:15:00+05:30,18.72,18.88,18.65,18.77,0
2026-05-12 10:30:00+05:30,18.77,18.92,18.57,18.66,0
2026-05-12 10:45:00+05:30,18.66,18.8,18.58,18.75,0
2026-05-12 11:00:00+05:30,18.75,18.97,18.75,18.88,0
2026-05-12 11:15:00+05:30,18.87,18.89,18.76,18.87,0
2026-05-12 11:30:00+05:30,18.87,18.92,18.83,18.85,0
2026-05-12 11:45:00+05:30,18.85,18.93,18.83,18.91,0
2026-05-12 12:00:00+05:30,18.91,19.1,18.9,19.1,0
2026-05-12 12:15:00+05:30,19.1,19.17,19.03,19.16,0
2026-05-12 12:30:00+05:30,19.16,19.44,19.16,19.26,0
2026-05-12 12:45:00+05:30,19.26,19.32,19.19,19.27,0
2026-05-12 13:00:00+05:30,19.26,19.32,19.18,19.21,0
2026-05-12 13:15:00+05:30,19.2,19.21,18.93,19.18,0
2026-05-12 13:30:00+05:30,19.18,19.26,19.12,19.23,0
2026-05-12 13:45:00+05:30,19.23,19.27,19.09,19.26,0
2026-05-12 14:00:00+05:30,19.26,19.32,19.21,19.22,0
2026-05-12 14:15:00+05:30,19.22,19.26,19.15,19.24,0
2026-05-12 14:30:00+05:30,19.24,19.35,19.18,19.19,0
2026-05-12 14:45:00+05:30,19.2,19.28,19.16,19.22,0
2026-05-12 15:00:00+05:30,19.22,19.46,19.22,19.33,0
2026-05-12 15:15:00+05:30,19.33,19.35,19.13,19.26,0
2026-05-13 09:15:00+05:30,19.28,19.37,18.36,19.37,0
2026-05-13 09:30:00+05:30,19.37,19.82,19.32,19.58,0
2026-05-13 09:45:00+05:30,19.59,20.13,19.52,19.88,0
2026-05-13 10:00:00+05:30,19.88,20.01,19.74,19.85,0
2026-05-13 10:15:00+05:30,19.85,19.88,19.54,19.58,0
2026-05-13 10:30:00+05:30,19.58,19.66,19.49,19.54,0
2026-05-13 10:45:00+05:30,19.55,19.79,19.51,19.79,0
2026-05-13 11:00:00+05:30,19.79,19.83,19.67,19.73,0
2026-05-13 11:15:00+05:30,19.73,19.78,19.67,19.76,0
2026-05-13 11:30:00+05:30,19.76,19.77,19.44,19.48,0
2026-05-13 11:45:00+05:30,19.48,19.53,19.41,19.5,0
2026-05-13 12:00:00+05:30,19.5,19.5,19.44,19.46,0
2026-05-13 12:15:00+05:30,19.47,19.52,19.43,19.47,0
2026-05-13 12:30:00+05:30,19.46,19.55,19.44,19.46,0
2026-05-13 12:45:00+05:30,19.45,19.47,19.12,19.14,0
2026-05-13 13:00:00+05:30,19.15,19.29,19.14,19.24,0
2026-05-13 13:15:00+05:30,19.24,19.47,19.24,19.43,0
2026-05-13 13:30:00+05:30,19.44,19.47,19.29,19.31,0
2026-05-13 13:45:00+05:30,19.31,19.45,19.27,19.36,0
2026-05-13 14:00:00+05:30,19.36,19.44,19.31,19.33,0
2026-05-13 14:15:00+05:30,19.34,19.47,19.31,19.36,0
2026-05-13 14:30:00+05:30,19.36,19.52,19.36,19.51,0
2026-05-13 14:45:00+05:30,19.51,19.54,19.35,19.37,0
2026-05-13 15:00:00+05:30,19.37,19.51,19.37,19.38,0
2026-05-13 15:15:00+05:30,19.38,19.5,19.29,19.35,0
2026-05-14 09:15:00+05:30,19.43,19.43,18.39,18.72,0
2026-05-14 09:30:00+05:30,18.72,18.94,18.66,18.93,0
2026-05-14 09:45:00+05:30,18.92,19.1,18.83,19.06,0
2026-05-14 10:00:00+05:30,19.06,19.07,18.88,18.89,0
2026-05-14 10:15:00+05:30,18.89,18.91,18.7,18.75,0
2026-05-14 10:30:00+05:30,18.75,18.81,18.67,18.81,0
2026-05-14 10:45:00+05:30,18.81,19.04,18.8,19.03,0
2026-05-14 11:00:00+05:30,19.03,19.1,18.98,19.0,0
2026-05-14 11:15:00+05:30,19.0,19.0,18.62,18.68,0
2026-05-14 11:30:00+05:30,18.69,18.96,18.62,18.94,0
2026-05-14 11:45:00+05:30,18.94,18.98,18.86,18.97,0
2026-05-14 12:00:00+05:30,18.97,19.02,18.89,18.92,0
2026-05-14 12:15:00+05:30,18.92,18.95,18.86,18.9,0
2026-05-14 12:30:00+05:30,18.9,18.94,18.84,18.84,0
2026-05-14 12:45:00+05:30,18.86,18.9,18.8,18.84,0
2026-05-14 13:00:00+05:30,18.84,18.89,18.78,18.84,0
2026-05-14 13:15:00+05:30,18.84,18.93,18.82,18.88,0
2026-05-14 13:30:00+05:30,18.88,18.91,18.82,18.83,0
2026-05-14 13:45:00+05:30,18.83,18.9,18.79,18.79,0
2026-05-14 14:00:00+05:30,18.79,18.79,18.69,18.74,0
2026-05-14 14:15:00+05:30,18.75,18.8,18.64,18.65,0
2026-05-14 14:30:00+05:30,18.65,18.72,18.6,18.68,0
2026-05-14 14:45:00+05:30,18.68,18.72,18.56,18.63,0
2026-05-14 15:00:00+05:30,18.63,18.72,18.56,18.66,0
2026-05-14 15:15:00+05:30,18.65,18.67,18.41,18.6,0
2026-05-15 09:15:00+05:30,18.61,18.67,17.42,18.46,0
2026-05-15 09:30:00+05:30,18.46,18.62,18.43,18.43,0
2026-05-15 09:45:00+05:30,18.43,18.47,18.33,18.33,0
2026-05-15 10:00:00+05:30,18.34,18.41,18.3,18.33,0
2026-05-15 10:15:00+05:30,18.34,18.42,18.3,18.36,0
2026-05-15 10:30:00+05:30,18.36,18.37,18.3,18.37,0
2026-05-15 10:45:00+05:30,18.37,18.39,18.27,18.28,0
2026-05-15 11:00:00+05:30,18.28,18.45,18.28,18.44,0
2026-05-15 11:15:00+05:30,18.44,18.6,18.44,18.59,0
2026-05-15 11:30:00+05:30,18.6,18.72,18.56,18.59,0
2026-05-15 11:45:00+05:30,18.59,18.62,18.54,18.55,0
2026-05-15 12:00:00+05:30,18.55,18.57,18.4,18.42,0
2026-05-15 12:15:00+05:30,18.42,18.53,18.4,18.48,0
2026-05-15 12:30:00+05:30,18.49,18.51,18.36,18.36,0
2026-05-15 12:45:00+05:30,18.36,18.37,18.25,18.27,0
2026-05-15 13:00:00+05:30,18.28,18.29,18.2,18.21,0
2026-05-15 13:15:00+05:30,18.21,18.22,18.12,18.13,0
2026-05-15 13:30:00+05:30,18.13,18.28,18.12,18.26,0
2026-05-15 13:45:00+05:30,18.25,18.41,18.24,18.4,0
2026-05-15 14:00:00+05:30,18.4,18.55,18.39,18.42,0
2026-05-15 14:15:00+05:30,18.42,18.68,18.39,18.67,0
2026-05-15 14:30:00+05:30,18.67,18.72,18.59,18.71,0
2026-05-15 14:45:00+05:30,18.71,19.01,18.71,18.74,0
2026-05-15 15:00:00+05:30,18.74,18.81,18.73,18.74,0
2026-05-15 15:15:00+05:30,18.74,18.91,18.72,18.8,0
2026-05-18 09:15:00+05:30,18.79,20.02,17.72,20.01,0
2026-05-18 09:30:00+05:30,20.02,20.05,19.87,19.95,0
2026-05-18 09:45:00+05:30,19.95,20.05,19.87,19.87,0
2026-05-18 10:00:00+05:30,19.87,19.88,19.8,19.86,0
2026-05-18 10:15:00+05:30,19.86,19.88,19.74,19.77,0
2026-05-18 10:30:00+05:30,19.77,19.85,19.61,19.61,0
2026-05-18 10:45:00+05:30,19.61,19.77,19.52,19.53,0
2026-05-18 11:00:00+05:30,19.53,19.59,19.48,19.58,0
2026-05-18 11:15:00+05:30,19.58,19.59,19.48,19.55,0
2026-05-18 11:30:00+05:30,19.55,19.67,19.53,19.64,0
2026-05-18 11:45:00+05:30,19.64,19.65,19.51,19.55,0
2026-05-18 12:00:00+05:30,19.54,19.63,19.52,19.57,0
2026-05-18 12:15:00+05:30,19.57,19.65,19.53,19.54,0
2026-05-18 12:30:00+05:30,19.55,19.57,19.46,19.5,0
2026-05-18 12:45:00+05:30,19.5,19.64,19.49,19.53,0
2026-05-18 13:00:00+05:30,19.54,19.62,19.48,19.59,0
2026-05-18 13:15:00+05:30,19.59,19.62,19.51,19.56,0
2026-05-18 13:30:00+05:30,19.57,19.65,19.53,19.59,0
2026-05-18 13:45:00+05:30,19.59,19.64,19.49,19.58,0
2026-05-18 14:00:00+05:30,19.58,19.66,19.56,19.62,0
2026-05-18 14:15:00+05:30,19.62,20.04,19.61,19.97,0
2026-05-18 14:30:00+05:30,19.97,20.06,19.92,19.95,0
2026-05-18 14:45:00+05:30,19.95,20.01,19.85,19.95,0
2026-05-18 15:00:00+05:30,19.95,19.95,19.48,19.84,0
2026-05-18 15:15:00+05:30,19.84,19.9,19.35,19.46,0
2026-05-19 09:15:00+05:30,19.63,19.63,18.27,18.93,0
2026-05-19 09:30:00+05:30,18.92,19.09,18.7,18.79,0
2026-05-19 09:45:00+05:30,18.79,18.96,18.78,18.96,0
2026-05-19 10:00:00+05:30,18.96,18.98,18.63,18.64,0
2026-05-19 10:15:00+05:30,18.64,18.64,18.44,18.56,0
2026-05-19 10:30:00+05:30,18.56,18.66,18.55,18.64,0
2026-05-19 10:45:00+05:30,18.64,18.7,18.52,18.55,0
2026-05-19 11:00:00+05:30,18.54,18.67,18.53,18.66,0
2026-05-19 11:15:00+05:30,18.66,18.75,18.58,18.59,0
2026-05-19 11:30:00+05:30,18.59,18.66,18.51,18.52,0
2026-05-19 11:45:00+05:30,18.53,18.55,18.47,18.49,0
2026-05-19 12:00:00+05:30,18.49,18.54,18.45,18.47,0
2026-05-19 12:15:00+05:30,18.47,18.5,18.41,18.43,0
2026-05-19 12:30:00+05:30,18.43,18.58,18.42,18.53,0
2026-05-19 12:45:00+05:30,18.53,18.59,18.5,18.57,0
2026-05-19 13:00:00+05:30,18.57,18.76,18.52,18.54,0
2026-05-19 13:15:00+05:30,18.53,18.57,18.47,18.49,0
2026-05-19 13:30:00+05:30,18.49,18.58,18.44,18.53,0
2026-05-19 13:45:00+05:30,18.53,18.57,18.45,18.51,0
2026-05-19 14:00:00+05:30,18.51,18.54,18.35,18.53,0
2026-05-19 14:15:00+05:30,18.53,18.54,18.47,18.51,0
2026-05-19 14:30:00+05:30,18.5,18.71,18.38,18.71,0
2026-05-19 14:45:00+05:30,18.71,18.84,18.64,18.68,0
2026-05-19 15:00:00+05:30,18.67,18.74,18.65,18.67,0
2026-05-19 15:15:00+05:30,18.67,18.75,18.52,18.57,0
2026-05-20 09:15:00+05:30,18.68,19.46,18.06,19.3,0
2026-05-20 09:30:00+05:30,19.31,19.35,19.23,19.33,0
2026-05-20 09:45:00+05:30,19.33,19.38,19.24,19.25,0
2026-05-20 10:00:00+05:30,19.24,19.26,19.18,19.2,0
2026-05-20 10:15:00+05:30,19.19,19.2,18.99,19.02,0
2026-05-20 10:30:00+05:30,19.02,19.03,18.88,18.97,0
2026-05-20 10:45:00+05:30,18.97,19.07,18.94,18.94,0
2026-05-20 11:00:00+05:30,18.94,18.96,18.71,18.74,0
2026-05-20 11:15:00+05:30,18.75,18.81,18.69,18.73,0
2026-05-20 11:30:00+05:30,18.73,18.76,18.64,18.69,0
2026-05-20 11:45:00+05:30,18.68,19.0,18.67,18.98,0
2026-05-20 12:00:00+05:30,18.96,19.05,18.71,18.75,0
2026-05-20 12:15:00+05:30,18.76,18.79,18.67,18.71,0
2026-05-20 12:30:00+05:30,18.71,19.01,18.69,18.96,0
2026-05-20 12:45:00+05:30,18.95,19.0,18.9,18.94,0
2026-05-20 13:00:00+05:30,18.93,19.0,18.91,18.95,0
2026-05-20 13:15:00+05:30,18.95,19.12,18.93,19.1,0
2026-05-20 13:30:00+05:30,19.1,19.13,18.95,18.97,0
2026-05-20 13:45:00+05:30,18.98,19.07,18.97,19.03,0
2026-05-20 14:00:00+05:30,18.99,19.03,18.86,18.9,0
2026-05-20 14:15:00+05:30,18.9,18.95,18.61,18.62,0
2026-05-20 14:30:00+05:30,18.62,18.7,18.57,18.61,0
2026-05-20 14:45:00+05:30,18.61,18.62,18.49,18.53,0
2026-05-20 15:00:00+05:30,18.53,18.6,18.39,18.41,0
2026-05-20 15:15:00+05:30,18.41,18.45,18.3,18.31,0
2026-05-21 09:15:00+05:30,18.44,18.44,17.45,17.88,0
2026-05-21 09:30:00+05:30,17.88,18.23,17.83,18.0,0
2026-05-21 09:45:00+05:30,18.0,18.07,17.67,17.69,0
2026-05-21 10:00:00+05:30,17.69,17.71,17.56,17.56,0
2026-05-21 10:15:00+05:30,17.56,17.57,17.43,17.47,0
2026-05-21 10:30:00+05:30,17.47,17.82,17.47,17.66,0
2026-05-21 10:45:00+05:30,17.66,17.85,17.63,17.84,0
2026-05-21 11:00:00+05:30,17.84,17.98,17.83,17.96,0
2026-05-21 11:15:00+05:30,17.96,18.38,17.81,17.84,0
2026-05-21 11:30:00+05:30,17.84,17.88,17.79,17.81,0
2026-05-21 11:45:00+05:30,17.83,17.86,17.75,17.83,0
2026-05-21 12:00:00+05:30,17.83,17.85,17.74,17.83,0
2026-05-21 12:15:00+05:30,17.83,17.99,17.6,17.85,0
2026-05-21 12:30:00+05:30,17.85,18.04,17.81,17.94,0
2026-05-21 12:45:00+05:30,17.94,18.1,17.94,18.07,0
2026-05-21 13:00:00+05:30,18.07,18.24,17.98,17.99,0
2026-05-21 13:15:00+05:30,17.99,18.05,17.92,18.02,0
2026-05-21 13:30:00+05:30,18.02,18.04,17.72,17.74,0
2026-05-21 13:45:00+05:30,17.76,17.83,17.67,17.73,0
2026-05-21 14:00:00+05:30,17.73,18.06,17.73,17.87,0
2026-05-21 14:15:00+05:30,17.87,17.92,17.79,17.89,0
2026-05-21 14:30:00+05:30,17.89,17.93,17.73,17.87,0
2026-05-21 14:45:00+05:30,17.89,17.94,17.67,17.74,0
2026-05-21 15:00:00+05:30,17.74,17.91,17.7,17.85,0
2026-05-21 15:15:00+05:30,17.85,17.93,17.76,17.82,0
2026-05-22 09:15:00+05:30,17.82,19.03,16.47,18.6,0
2026-05-22 09:30:00+05:30,18.61,18.61,18.11,18.26,0
2026-05-22 09:45:00+05:30,18.26,18.91,18.16,18.75,0
2026-05-22 10:00:00+05:30,18.76,18.78,18.52,18.74,0
2026-05-22 10:15:00+05:30,18.74,18.76,18.59,18.62,0
2026-05-22 10:30:00+05:30,18.62,18.75,18.49,18.67,0
2026-05-22 10:45:00+05:30,18.68,18.77,18.57,18.6,0
2026-05-22 11:00:00+05:30,18.59,18.66,18.54,18.61,0
2026-05-22 11:15:00+05:30,18.63,18.65,18.33,18.43,0
2026-05-22 11:30:00+05:30,18.43,18.48,18.31,18.35,0
2026-05-22 11:45:00+05:30,18.35,18.47,18.33,18.47,0
2026-05-22 12:00:00+05:30,18.45,18.47,18.36,18.44,0
2026-05-22 12:15:00+05:30,18.44,18.45,18.31,18.4,0
2026-05-22 12:30:00+05:30,18.4,18.48,18.3,18.33,0
2026-05-22 12:45:00+05:30,18.33,18.37,17.9,17.92,0
2026-05-22 13:00:00+05:30,17.92,17.97,17.87,17.87,0
2026-05-22 13:15:00+05:30,17.87,17.95,17.79,17.8,0
2026-05-22 13:30:00+05:30,17.8,17.91,17.79,17.84,0
2026-05-22 13:45:00+05:30,17.84,17.9,17.81,17.9,0
2026-05-22 14:00:00+05:30,17.9,17.91,17.79,17.89,0
2026-05-22 14:15:00+05:30,17.88,18.03,17.87,18.02,0
2026-05-22 14:30:00+05:30,18.05,18.1,17.95,18.04,0
2026-05-22 14:45:00+05:30,18.04,18.06,17.96,17.96,0
2026-05-22 15:00:00+05:30,17.96,18.02,17.9,17.92,0
2026-05-22 15:15:00+05:30,17.91,17.97,17.74,17.81,0
2026-05-25 09:15:00+05:30,17.91,17.91,16.39,16.65,0
2026-05-25 09:30:00+05:30,16.65,17.04,16.62,16.66,0
2026-05-25 09:45:00+05:30,16.66,17.05,16.64,17.0,0
2026-05-25 10:00:00+05:30,16.99,17.61,16.97,16.98,0
2026-05-25 10:15:00+05:30,16.98,17.45,16.95,17.42,0
2026-05-25 10:30:00+05:30,17.42,17.47,17.35,17.46,0
2026-05-25 10:45:00+05:30,17.45,17.47,17.16,17.18,0
2026-05-25 11:00:00+05:30,17.18,17.18,16.97,16.97,0
2026-05-25 11:15:00+05:30,16.97,16.97,16.8,16.85,0
2026-05-25 11:30:00+05:30,16.85,17.04,16.84,17.02,0
2026-05-25 11:45:00+05:30,17.02,17.09,16.98,17.03,0
2026-05-25 12:00:00+05:30,17.04,17.11,16.92,16.98,0
2026-05-25 12:15:00+05:30,16.98,17.07,16.98,17.0,0
2026-05-25 12:30:00+05:30,17.0,17.12,16.98,17.05,0
2026-05-25 12:45:00+05:30,17.05,17.06,16.97,17.01,0
2026-05-25 13:00:00+05:30,17.01,17.1,16.85,17.01,0
2026-05-25 13:15:00+05:30,17.02,17.05,16.96,17.0,0
2026-05-25 13:30:00+05:30,17.0,17.1,16.93,17.09,0
2026-05-25 13:45:00+05:30,17.1,17.13,16.92,16.95,0
2026-05-25 14:00:00+05:30,16.95,16.98,16.86,16.9,0
2026-05-25 14:15:00+05:30,16.9,16.9,16.76,16.88,0
2026-05-25 14:30:00+05:30,16.88,16.93,16.75,16.75,0
2026-05-25 14:45:00+05:30,16.75,16.92,16.62,16.89,0
2026-05-25 15:00:00+05:30,16.89,16.9,16.73,16.75,0
2026-05-25 15:15:00+05:30,16.74,16.76,16.42,16.51,0
2026-05-26 09:15:00+05:30,16.7,16.96,15.77,16.42,0
2026-05-26 09:30:00+05:30,16.42,16.5,15.8,15.81,0
2026-05-26 09:45:00+05:30,15.81,16.29,15.77,16.27,0
2026-05-26 10:00:00+05:30,16.26,16.32,16.16,16.17,0
2026-05-26 10:15:00+05:30,16.17,16.26,15.74,15.75,0
2026-05-26 10:30:00+05:30,15.75,15.79,15.54,15.61,0
2026-05-26 10:45:00+05:30,15.61,15.76,15.59,15.67,0
2026-05-26 11:00:00+05:30,15.68,15.72,15.6,15.72,0
2026-05-26 11:15:00+05:30,15.7,15.82,15.58,15.66,0
2026-05-26 11:30:00+05:30,15.66,15.7,15.36,15.45,0
2026-05-26 11:45:00+05:30,15.45,15.59,15.4,15.56,0
2026-05-26 12:00:00+05:30,15.55,15.66,15.52,15.62,0
2026-05-26 12:15:00+05:30,15.62,15.67,15.57,15.65,0
2026-05-26 12:30:00+05:30,15.65,15.71,15.58,15.7,0
2026-05-26 12:45:00+05:30,15.7,15.94,15.64,15.81,0
2026-05-26 13:00:00+05:30,15.81,15.94,15.78,15.84,0
2026-05-26 13:15:00+05:30,15.84,16.11,15.8,15.84,0
2026-05-26 13:30:00+05:30,15.84,16.15,15.72,15.9,0
2026-05-26 13:45:00+05:30,15.92,16.09,15.91,16.03,0
2026-05-26 14:00:00+05:30,16.03,16.17,15.98,15.99,0
2026-05-26 14:15:00+05:30,15.99,16.22,15.96,16.19,0
2026-05-26 14:30:00+05:30,16.19,16.23,16.05,16.13,0
2026-05-26 14:45:00+05:30,16.13,16.31,15.83,16.07,0
2026-05-26 15:00:00+05:30,16.07,16.12,15.91,15.96,0
2026-05-26 15:15:00+05:30,15.97,16.37,15.95,16.22,0
2026-05-27 09:15:00+05:30,16.13,16.2,14.91,16.16,0
2026-05-27 09:30:00+05:30,16.18,16.33,15.98,15.98,0
2026-05-27 09:45:00+05:30,15.98,16.12,15.8,15.87,0
2026-05-27 10:00:00+05:30,15.88,15.91,15.61,15.69,0
2026-05-27 10:15:00+05:30,15.61,15.79,15.23,15.25,0
2026-05-27 10:30:00+05:30,15.26,15.3,15.05,15.08,0
2026-05-27 10:45:00+05:30,15.08,15.15,14.99,15.01,0
2026-05-27 11:00:00+05:30,15.01,15.53,14.9,14.98,0
2026-05-27 11:15:00+05:30,14.98,15.55,14.88,14.93,0
2026-05-27 11:30:00+05:30,14.93,15.43,14.88,14.92,0
2026-05-27 11:45:00+05:30,14.91,14.95,14.84,14.91,0
2026-05-27 12:00:00+05:30,14.91,15.48,14.87,15.0,0
2026-05-27 12:15:00+05:30,15.0,15.28,14.99,15.25,0
2026-05-27 12:30:00+05:30,15.25,15.29,15.11,15.17,0
2026-05-27 12:45:00+05:30,15.16,15.31,15.12,15.27,0
2026-05-27 13:00:00+05:30,15.27,15.46,15.17,15.25,0
2026-05-27 13:15:00+05:30,15.25,15.52,15.15,15.23,0
2026-05-27 13:30:00+05:30,15.23,15.48,15.16,15.25,0
2026-05-27 13:45:00+05:30,15.24,15.25,15.15,15.18,0
2026-05-27 14:00:00+05:30,15.18,15.18,15.05,15.17,0
2026-05-27 14:15:00+05:30,15.17,15.2,15.07,15.13,0
2026-05-27 14:30:00+05:30,15.15,15.33,15.11,15.27,0
2026-05-27 14:45:00+05:30,15.27,15.32,15.05,15.1,0
2026-05-27 15:00:00+05:30,15.11,15.19,15.0,15.0,0
2026-05-27 15:15:00+05:30,14.98,15.25,14.7,15.24,0
2026-05-29 09:15:00+05:30,14.98,15.44,14.59,14.85,0
2026-05-29 09:30:00+05:30,14.86,15.04,14.71,15.02,0
2026-05-29 09:45:00+05:30,15.01,15.05,14.87,15.01,0
2026-05-29 10:00:00+05:30,15.0,15.26,14.77,15.13,0
2026-05-29 10:15:00+05:30,15.13,15.23,15.05,15.15,0
2026-05-29 10:30:00+05:30,15.15,15.2,15.0,15.04,0
2026-05-29 10:45:00+05:30,15.04,15.14,14.9,14.94,0
2026-05-29 11:00:00+05:30,14.95,15.0,14.86,14.9,0
2026-05-29 11:15:00+05:30,14.91,14.91,14.8,14.88,0
2026-05-29 11:30:00+05:30,14.87,14.98,14.8,14.83,0
2026-05-29 11:45:00+05:30,14.83,14.92,14.77,14.85,0
2026-05-29 12:00:00+05:30,14.85,15.19,14.84,15.18,0
2026-05-29 12:15:00+05:30,15.19,15.23,15.09,15.09,0
2026-05-29 12:30:00+05:30,15.1,15.2,15.09,15.12,0
2026-05-29 12:45:00+05:30,15.12,15.26,15.12,15.18,0
2026-05-29 13:00:00+05:30,15.18,15.65,15.18,15.55,0
2026-05-29 13:15:00+05:30,15.55,15.68,15.53,15.62,0
2026-05-29 13:30:00+05:30,15.6,15.62,15.47,15.55,0
2026-05-29 13:45:00+05:30,15.55,15.84,15.55,15.78,0
2026-05-29 14:00:00+05:30,15.78,15.94,15.78,15.9,0
2026-05-29 14:15:00+05:30,15.9,16.01,15.82,15.82,0
2026-05-29 14:30:00+05:30,15.82,15.83,15.51,15.6,0
2026-05-29 14:45:00+05:30,15.62,15.71,15.56,15.66,0
2026-05-29 15:00:00+05:30,15.67,16.27,15.66,16.25,0
2026-05-29 15:15:00+05:30,16.25,16.55,15.98,16.38,0
2026-06-01 09:15:00+05:30,16.19,16.19,13.91,15.79,0
2026-06-01 09:30:00+05:30,15.79,16.04,15.71,16.03,0
2026-06-01 09:45:00+05:30,16.01,16.08,15.94,16.01,0
2026-06-01 10:00:00+05:30,16.01,16.09,15.88,15.96,0
2026-06-01 10:15:00+05:30,15.97,16.06,15.95,16.05,0
2026-06-01 10:30:00+05:30,16.05,16.21,16.02,16.06,0
2026-06-01 10:45:00+05:30,16.06,16.22,15.92,16.21,0
2026-06-01 11:00:00+05:30,16.22,16.23,15.99,16.02,0
2026-06-01 11:15:00+05:30,16.02,16.28,15.98,16.27,0
2026-06-01 11:30:00+05:30,16.28,16.32,16.17,16.27,0
2026-06-01 11:45:00+05:30,16.26,16.55,16.25,16.52,0
2026-06-01 12:00:00+05:30,16.52,16.56,16.27,16.31,0
2026-06-01 12:15:00+05:30,16.31,16.38,16.19,16.31,0
2026-06-01 12:30:00+05:30,16.3,16.47,16.27,16.44,0
2026-06-01 12:45:00+05:30,16.44,16.57,16.28,16.55,0
2026-06-01 13:00:00+05:30,16.55,16.56,16.35,16.52,0
2026-06-01 13:15:00+05:30,16.52,16.54,16.4,16.4,0
2026-06-01 13:30:00+05:30,16.4,16.54,16.37,16.46,0
2026-06-01 13:45:00+05:30,16.46,16.58,16.45,16.51,0
2026-06-01 14:00:00+05:30,16.51,16.72,16.46,16.72,0
2026-06-01 14:15:00+05:30,16.71,16.86,16.59,16.84,0
2026-06-01 14:30:00+05:30,16.84,16.92,16.61,16.65,0
2026-06-01 14:45:00+05:30,16.64,16.77,16.47,16.63,0
2026-06-01 15:00:00+05:30,16.62,16.68,16.31,16.56,0
2026-06-01 15:15:00+05:30,16.54,16.7,16.48,16.49,0
2026-06-02 09:15:00+05:30,16.54,16.54,15.54,16.09,0
2026-06-02 09:30:00+05:30,16.09,16.38,15.96,16.23,0
2026-06-02 09:45:00+05:30,16.23,16.31,15.98,16.08,0
2026-06-02 10:00:00+05:30,16.07,16.11,15.97,16.1,0
2026-06-02 10:15:00+05:30,16.1,16.2,15.91,15.95,0
2026-06-02 10:30:00+05:30,15.94,16.1,15.92,16.05,0
2026-06-02 10:45:00+05:30,16.05,16.22,16.04,16.14,0
2026-06-02 11:00:00+05:30,16.15,16.22,15.99,16.03,0
2026-06-02 11:15:00+05:30,16.03,16.2,15.87,16.17,0
2026-06-02 11:30:00+05:30,16.17,16.2,15.93,15.99,0
2026-06-02 11:45:00+05:30,16.0,16.05,15.94,16.03,0
2026-06-02 12:00:00+05:30,16.04,16.05,15.84,15.95,0
2026-06-02 12:15:00+05:30,15.95,15.95,15.83,15.89,0
2026-06-02 12:30:00+05:30,15.89,16.14,15.67,16.0,0
2026-06-02 12:45:00+05:30,16.0,16.04,15.66,15.73,0
2026-06-02 13:00:00+05:30,15.73,15.89,15.65,15.73,0
2026-06-02 13:15:00+05:30,15.73,15.75,15.63,15.64,0
2026-06-02 13:30:00+05:30,15.64,15.77,15.58,15.6,0
2026-06-02 13:45:00+05:30,15.6,15.72,15.6,15.62,0
2026-06-02 14:00:00+05:30,15.62,15.65,15.49,15.5,0
2026-06-02 14:15:00+05:30,15.5,15.62,15.43,15.61,0
2026-06-02 14:30:00+05:30,15.61,15.72,15.5,15.7,0
2026-06-02 14:45:00+05:30,15.7,15.84,15.34,15.43,0
2026-06-02 15:00:00+05:30,15.43,15.66,15.19,15.65,0
2026-06-02 15:15:00+05:30,15.65,15.68,15.12,15.32,0
2026-06-03 09:15:00+05:30,15.36,16.69,14.85,16.54,0
2026-06-03 09:30:00+05:30,16.54,16.79,16.51,16.57,0
2026-06-03 09:45:00+05:30,16.58,16.68,16.13,16.3,0
2026-06-03 10:00:00+05:30,16.29,16.44,16.21,16.42,0
2026-06-03 10:15:00+05:30,16.42,16.46,16.16,16.28,0
2026-06-03 10:30:00+05:30,16.29,16.65,16.22,16.3,0
2026-06-03 10:45:00+05:30,16.3,16.39,16.3,16.36,0
2026-06-03 11:00:00+05:30,16.36,16.79,16.35,16.74,0
2026-06-03 11:15:00+05:30,16.74,16.81,16.6,16.65,0
2026-06-03 11:30:00+05:30,16.66,16.77,16.6,16.74,0
2026-06-03 11:45:00+05:30,16.73,16.74,16.59,16.69,0
2026-06-03 12:00:00+05:30,16.7,16.98,16.69,16.84,0
2026-06-03 12:15:00+05:30,16.84,16.91,16.48,16.58,0
2026-06-03 12:30:00+05:30,16.58,16.58,16.26,16.31,0
2026-06-03 12:45:00+05:30,16.3,16.5,16.27,16.48,0
2026-06-03 13:00:00+05:30,16.46,16.53,16.4,16.43,0
2026-06-03 13:15:00+05:30,16.43,16.48,16.31,16.32,0
2026-06-03 13:30:00+05:30,16.33,16.37,16.24,16.35,0
2026-06-03 13:45:00+05:30,16.35,16.53,16.29,16.48,0
2026-06-03 14:00:00+05:30,16.48,16.49,16.33,16.35,0
2026-06-03 14:15:00+05:30,16.37,16.56,16.36,16.48,0
2026-06-03 14:30:00+05:30,16.47,16.67,16.44,16.51,0
2026-06-03 14:45:00+05:30,16.51,16.77,16.44,16.55,0
2026-06-03 15:00:00+05:30,16.56,16.56,16.23,16.3,0
2026-06-03 15:15:00+05:30,16.31,16.34,16.02,16.32,0
2026-06-04 09:15:00+05:30,16.28,16.4,15.53,16.16,0
2026-06-04 09:30:00+05:30,16.16,16.26,16.08,16.15,0
2026-06-04 09:45:00+05:30,16.14,16.28,16.05,16.14,0
2026-06-04 10:00:00+05:30,16.14,16.38,16.11,16.35,0
2026-06-04 10:15:00+05:30,16.35,16.37,16.09,16.19,0
2026-06-04 10:30:00+05:30,16.19,16.2,16.09,16.13,0
2026-06-04 10:45:00+05:30,16.12,16.18,16.06,16.14,0
2026-06-04 11:00:00+05:30,16.12,16.2,16.09,16.11,0
2026-06-04 11:15:00+05:30,16.11,16.21,16.04,16.08,0
2026-06-04 11:30:00+05:30,16.08,16.13,15.99,16.07,0
2026-06-04 11:45:00+05:30,16.08,16.25,16.04,16.21,0
2026-06-04 12:00:00+05:30,16.22,16.25,16.16,16.18,0
2026-06-04 12:15:00+05:30,16.18,16.19,16.07,16.12,0
2026-06-04 12:30:00+05:30,16.12,16.27,16.1,16.26,0
2026-06-04 12:45:00+05:30,16.26,16.28,16.15,16.18,0
2026-06-04 13:00:00+05:30,16.18,16.34,16.15,16.31,0
2026-06-04 13:15:00+05:30,16.3,16.41,16.25,16.25,0
2026-06-04 13:30:00+05:30,16.24,16.29,16.17,16.22,0
2026-06-04 13:45:00+05:30,16.22,16.23,16.09,16.11,0
2026-06-04 14:00:00+05:30,16.11,16.13,15.96,16.0,0
2026-06-04 14:15:00+05:30,16.0,16.03,15.96,15.99,0
2026-06-04 14:30:00+05:30,15.99,16.03,15.93,15.98,0
2026-06-04 14:45:00+05:30,15.97,16.07,15.95,16.01,0
2026-06-04 15:00:00+05:30,16.01,16.03,15.86,15.89,0
2026-06-04 15:15:00+05:30,15.89,15.91,15.76,15.77,0
2026-06-05 09:15:00+05:30,15.89,15.89,13.46,15.78,0
2026-06-05 09:30:00+05:30,15.78,15.94,15.68,15.93,0
2026-06-05 09:45:00+05:30,15.92,15.96,15.68,15.95,0
2026-06-05 10:00:00+05:30,15.95,16.01,15.67,15.75,0
2026-06-05 10:15:00+05:30,15.75,15.78,15.6,15.71,0
2026-06-05 10:30:00+05:30,15.71,16.11,15.66,16.03,0
2026-06-05 10:45:00+05:30,16.03,16.15,15.91,15.98,0
2026-06-05 11:00:00+05:30,15.98,15.98,15.65,15.74,0
2026-06-05 11:15:00+05:30,15.74,15.9,15.73,15.88,0
2026-06-05 11:30:00+05:30,15.89,15.93,15.75,15.8,0
2026-06-05 11:45:00+05:30,15.8,15.8,15.58,15.59,0
2026-06-05 12:00:00+05:30,15.6,15.9,15.55,15.55,0
2026-06-05 12:15:00+05:30,15.55,15.63,15.45,15.54,0
2026-06-05 12:30:00+05:30,15.55,15.96,15.54,15.77,0
2026-06-05 12:45:00+05:30,15.77,15.8,15.61,15.77,0
2026-06-05 13:00:00+05:30,15.77,15.92,15.75,15.91,0
2026-06-05 13:15:00+05:30,15.92,15.95,15.74,15.93,0
2026-06-05 13:30:00+05:30,15.93,16.37,15.93,16.31,0
2026-06-05 13:45:00+05:30,16.3,16.32,16.04,16.18,0
2026-06-05 14:00:00+05:30,16.19,16.22,16.13,16.18,0
2026-06-05 14:15:00+05:30,16.17,16.24,15.91,15.95,0
2026-06-05 14:30:00+05:30,15.95,16.07,15.56,15.57,0
2026-06-05 14:45:00+05:30,15.58,15.93,15.5,15.86,0
2026-06-05 15:00:00+05:30,15.86,15.96,15.56,15.81,0
2026-06-05 15:15:00+05:30,15.81,15.83,15.59,15.74,0
2026-06-08 09:15:00+05:30,15.79,18.44,15.79,16.98,0
2026-06-08 09:30:00+05:30,16.98,17.25,16.89,17.2,0
2026-06-08 09:45:00+05:30,17.2,17.21,16.88,16.93,0
2026-06-08 10:00:00+05:30,16.94,17.01,16.92,16.98,0
2026-06-08 10:15:00+05:30,16.99,17.04,16.98,17.0,0
2026-06-08 10:30:00+05:30,17.0,17.02,16.89,16.98,0
2026-06-08 10:45:00+05:30,16.98,17.04,16.9,16.92,0
2026-06-08 11:00:00+05:30,16.92,16.99,16.92,16.96,0
2026-06-08 11:15:00+05:30,16.97,17.01,16.94,16.99,0
2026-06-08 11:30:00+05:30,16.99,17.0,16.9,16.94,0
2026-06-08 11:45:00+05:30,16.94,16.96,16.81,16.82,0
2026-06-08 12:00:00+05:30,16.82,16.88,16.72,16.76,0
2026-06-08 12:15:00+05:30,16.75,16.94,16.74,16.94,0
2026-06-08 12:30:00+05:30,16.94,16.96,16.84,16.87,0
2026-06-08 12:45:00+05:30,16.87,17.02,16.84,17.01,0
2026-06-08 13:00:00+05:30,17.01,17.05,16.98,16.99,0
2026-06-08 13:15:00+05:30,16.99,17.0,16.9,16.9,0
2026-06-08 13:30:00+05:30,16.9,17.0,16.9,16.95,0
2026-06-08 13:45:00+05:30,16.95,17.09,16.9,17.06,0
2026-06-08 14:00:00+05:30,17.06,17.13,17.0,17.1,0
2026-06-08 14:15:00+05:30,17.1,17.18,17.07,17.15,0
2026-06-08 14:30:00+05:30,17.14,17.18,17.0,17.0,0
2026-06-08 14:45:00+05:30,17.0,17.07,16.94,16.96,0
2026-06-08 15:00:00+05:30,16.96,17.11,16.96,16.99,0
2026-06-08 15:15:00+05:30,17.0,17.13,16.95,17.09,0
2026-06-09 09:15:00+05:30,17.03,17.03,15.83,16.02,0
2026-06-09 09:30:00+05:30,16.01,16.03,15.8,16.0,0
2026-06-09 09:45:00+05:30,16.0,16.05,15.89,16.0,0
2026-06-09 10:00:00+05:30,16.0,16.07,15.98,16.03,0
2026-06-09 10:15:00+05:30,16.03,16.18,16.0,16.17,0
2026-06-09 10:30:00+05:30,16.16,16.25,16.16,16.21,0
2026-06-09 10:45:00+05:30,16.21,16.32,16.15,16.2,0
2026-06-09 11:00:00+05:30,16.2,16.35,16.18,16.33,0
2026-06-09 11:15:00+05:30,16.34,16.38,16.21,16.25,0
2026-06-09 11:30:00+05:30,16.24,16.34,16.14,16.17,0
2026-06-09 11:45:00+05:30,16.16,16.18,15.94,16.01,0
2026-06-09 12:00:00+05:30,16.02,16.19,15.95,16.16,0
2026-06-09 12:15:00+05:30,16.15,16.2,16.06,16.06,0
2026-06-09 12:30:00+05:30,16.06,16.06,15.93,15.94,0
2026-06-09 12:45:00+05:30,15.94,16.04,15.92,16.02,0
2026-06-09 13:00:00+05:30,16.03,16.03,15.91,15.91,0
2026-06-09 13:15:00+05:30,15.91,16.0,15.83,15.93,0
2026-06-09 13:30:00+05:30,15.92,16.0,15.82,15.83,0
2026-06-09 13:45:00+05:30,15.82,15.97,15.81,15.93,0
2026-06-09 14:00:00+05:30,15.92,15.97,15.84,15.87,0
2026-06-09 14:15:00+05:30,15.87,15.89,15.77,15.79,0
2026-06-09 14:30:00+05:30,15.78,15.81,15.64,15.68,0
2026-06-09 14:45:00+05:30,15.68,15.69,15.54,15.59,0
2026-06-09 15:00:00+05:30,15.59,15.68,15.53,15.57,0
2026-06-09 15:15:00+05:30,15.57,15.63,15.52,15.56,0
2026-06-10 09:15:00+05:30,15.58,15.85,14.9,15.71,0
2026-06-10 09:30:00+05:30,15.71,15.77,15.6,15.72,0
2026-06-10 09:45:00+05:30,15.72,15.72,15.58,15.61,0
2026-06-10 10:00:00+05:30,15.61,15.67,15.58,15.58,0
2026-06-10 10:15:00+05:30,15.58,15.65,15.57,15.58,0
2026-06-10 10:30:00+05:30,15.58,15.62,15.52,15.56,0
2026-06-10 10:45:00+05:30,15.56,15.6,15.48,15.48,0
2026-06-10 11:00:00+05:30,15.49,15.53,15.45,15.52,0
2026-06-10 11:15:00+05:30,15.52,15.58,15.46,15.49,0
2026-06-10 11:30:00+05:30,15.49,15.56,15.47,15.54,0
2026-06-10 11:45:00+05:30,15.54,15.55,15.47,15.48,0
2026-06-10 12:00:00+05:30,15.48,15.54,15.47,15.48,0
2026-06-10 12:15:00+05:30,15.48,15.52,15.45,15.46,0
2026-06-10 12:30:00+05:30,15.46,15.51,15.41,15.44,0
2026-06-10 12:45:00+05:30,15.44,15.45,15.37,15.38,0
2026-06-10 13:00:00+05:30,15.39,15.45,15.31,15.43,0
2026-06-10 13:15:00+05:30,15.43,15.45,15.36,15.4,0
2026-06-10 13:30:00+05:30,15.4,15.56,15.39,15.52,0
2026-06-10 13:45:00+05:30,15.52,15.54,15.47,15.49,0
2026-06-10 14:00:00+05:30,15.49,15.55,15.47,15.52,0
2026-06-10 14:15:00+05:30,15.52,15.55,15.49,15.5,0
2026-06-10 14:30:00+05:30,15.5,15.7,15.46,15.69,0
2026-06-10 14:45:00+05:30,15.69,15.71,15.58,15.66,0
2026-06-10 15:00:00+05:30,15.66,15.69,15.61,15.65,0
2026-06-10 15:15:00+05:30,15.65,15.68,15.55,15.61,0
2026-06-11 09:15:00+05:30,15.63,15.95,15.12,15.65,0
2026-06-11 09:30:00+05:30,15.64,15.74,15.6,15.62,0
2026-06-11 09:45:00+05:30,15.62,15.65,15.56,15.63,0
2026-06-11 10:00:00+05:30,15.63,15.79,15.5,15.51,0
2026-06-11 10:15:00+05:30,15.51,15.52,15.45,15.51,0
2026-06-11 10:30:00+05:30,15.51,15.6,15.45,15.52,0
2026-06-11 10:45:00+05:30,15.52,15.54,15.48,15.52,0
2026-06-11 11:00:00+05:30,15.51,15.61,15.42,15.59,0
2026-06-11 11:15:00+05:30,15.59,15.62,15.52,15.54,0
2026-06-11 11:30:00+05:30,15.53,15.58,15.49,15.55,0
2026-06-11 11:45:00+05:30,15.55,15.59,15.5,15.53,0
2026-06-11 12:00:00+05:30,15.52,15.61,15.49,15.58,0
2026-06-11 12:15:00+05:30,15.58,15.67,15.55,15.65,0
2026-06-11 12:30:00+05:30,15.65,15.67,15.5,15.63,0
2026-06-11 12:45:00+05:30,15.63,15.66,15.54,15.59,0
2026-06-11 13:00:00+05:30,15.59,15.62,15.53,15.59,0
2026-06-11 13:15:00+05:30,15.59,15.66,15.55,15.63,0
2026-06-11 13:30:00+05:30,15.63,15.64,15.55,15.58,0
2026-06-11 13:45:00+05:30,15.58,15.63,15.56,15.59,0
2026-06-11 14:00:00+05:30,15.59,15.64,15.57,15.6,0
2026-06-11 14:15:00+05:30,15.6,15.64,15.49,15.54,0
2026-06-11 14:30:00+05:30,15.54,15.59,15.48,15.58,0
2026-06-11 14:45:00+05:30,15.58,15.65,15.56,15.59,0
2026-06-11 15:00:00+05:30,15.59,15.65,15.57,15.6,0
2026-06-11 15:15:00+05:30,15.6,15.67,15.56,15.6,0
2026-06-12 09:15:00+05:30,15.61,15.61,14.4,14.72,0
2026-06-12 09:30:00+05:30,14.72,14.88,14.71,14.87,0
2026-06-12 09:45:00+05:30,14.87,14.93,14.84,14.91,0
2026-06-12 10:00:00+05:30,14.9,15.07,14.89,15.07,0
2026-06-12 10:15:00+05:30,15.06,15.1,14.97,15.05,0
2026-06-12 10:30:00+05:30,15.05,15.07,14.99,15.02,0
2026-06-12 10:45:00+05:30,15.02,15.05,14.99,15.01,0
2026-06-12 11:00:00+05:30,15.01,15.04,14.88,14.88,0
2026-06-12 11:15:00+05:30,14.88,14.91,14.85,14.9,0
2026-06-12 11:30:00+05:30,14.89,14.91,14.84,14.85,0
2026-06-12 11:45:00+05:30,14.84,14.88,14.8,14.85,0
2026-06-12 12:00:00+05:30,14.85,14.86,14.81,14.82,0
2026-06-12 12:15:00+05:30,14.82,14.85,14.72,14.73,0
2026-06-12 12:30:00+05:30,14.73,14.88,14.72,14.79,0
2026-06-12 12:45:00+05:30,14.79,14.84,14.78,14.81,0
2026-06-12 13:00:00+05:30,14.81,14.82,14.73,14.77,0
2026-06-12 13:15:00+05:30,14.77,14.84,14.55,14.75,0
2026-06-12 13:30:00+05:30,14.75,14.81,14.62,14.78,0
2026-06-12 13:45:00+05:30,14.8,14.85,14.75,14.82,0
2026-06-12 14:00:00+05:30,14.83,14.85,14.76,14.85,0
2026-06-12 14:15:00+05:30,14.84,14.91,14.82,14.9,0
2026-06-12 14:30:00+05:30,14.89,14.94,14.84,14.89,0
2026-06-12 14:45:00+05:30,14.89,14.97,14.87,14.92,0
2026-06-12 15:00:00+05:30,14.92,14.94,14.66,14.69,0
2026-06-12 15:15:00+05:30,14.68,14.87,14.59,14.8,0
2026-06-15 09:15:00+05:30,14.72,14.72,13.56,14.19,0
2026-06-15 09:30:00+05:30,14.19,14.26,14.17,14.2,0
2026-06-15 09:45:00+05:30,14.21,14.26,14.14,14.19,0
2026-06-15 10:00:00+05:30,14.19,14.23,14.16,14.16,0
2026-06-15 10:15:00+05:30,14.16,14.16,13.98,14.03,0
2026-06-15 10:30:00+05:30,14.03,14.13,13.99,14.03,0
2026-06-15 10:45:00+05:30,14.03,14.08,13.98,14.07,0
2026-06-15 11:00:00+05:30,14.07,14.07,13.98,13.98,0
2026-06-15 11:15:00+05:30,13.99,14.06,13.97,14.02,0
2026-06-15 11:30:00+05:30,14.03,14.07,14.01,14.04,0
2026-06-15 11:45:00+05:30,14.04,14.08,13.99,14.03,0
2026-06-15 12:00:00+05:30,14.04,14.08,13.99,14.05,0
2026-06-15 12:15:00+05:30,14.05,14.2,14.05,14.19,0
2026-06-15 12:30:00+05:30,14.19,14.22,14.09,14.15,0
2026-06-15 12:45:00+05:30,14.15,14.23,14.14,14.18,0
2026-06-15 13:00:00+05:30,14.18,14.24,14.07,14.14,0
2026-06-15 13:15:00+05:30,14.14,14.25,14.12,14.19,0
2026-06-15 13:30:00+05:30,14.19,14.31,14.18,14.24,0
2026-06-15 13:45:00+05:30,14.24,14.33,14.21,14.26,0
2026-06-15 14:00:00+05:30,14.26,14.28,14.16,14.27,0
2026-06-15 14:15:00+05:30,14.27,14.28,14.21,14.25,0
2026-06-15 14:30:00+05:30,14.25,14.31,14.09,14.28,0
2026-06-15 14:45:00+05:30,14.28,14.37,14.27,14.3,0
2026-06-15 15:00:00+05:30,14.31,14.44,14.21,14.4,0
2026-06-15 15:15:00+05:30,14.41,14.46,14.24,14.24,0
2026-06-16 09:15:00+05:30,14.35,14.35,13.01,13.72,0
2026-06-16 09:30:00+05:30,13.72,13.78,13.69,13.76,0
2026-06-16 09:45:00+05:30,13.76,13.78,13.67,13.68,0
2026-06-16 10:00:00+05:30,13.68,13.81,13.6,13.6,0
2026-06-16 10:15:00+05:30,13.61,13.66,13.56,13.57,0
2026-06-16 10:30:00+05:30,13.57,13.61,13.52,13.6,0
2026-06-16 10:45:00+05:30,13.6,13.64,13.54,13.56,0
2026-06-16 11:00:00+05:30,13.56,13.59,13.53,13.55,0
2026-06-16 11:15:00+05:30,13.55,13.62,13.53,13.61,0
2026-06-16 11:30:00+05:30,13.61,13.64,13.55,13.64,0
2026-06-16 11:45:00+05:30,13.63,13.65,13.51,13.59,0
2026-06-16 12:00:00+05:30,13.59,13.63,13.56,13.6,0
2026-06-16 12:15:00+05:30,13.6,13.62,13.5,13.52,0
2026-06-16 12:30:00+05:30,13.52,13.6,13.5,13.57,0
2026-06-16 12:45:00+05:30,13.57,13.59,13.48,13.49,0
2026-06-16 13:00:00+05:30,13.5,13.58,13.45,13.5,0
2026-06-16 13:15:00+05:30,13.5,13.5,13.43,13.46,0
2026-06-16 13:30:00+05:30,13.46,13.5,13.44,13.47,0
2026-06-16 13:45:00+05:30,13.47,13.48,13.38,13.45,0
2026-06-16 14:00:00+05:30,13.45,13.49,13.31,13.31,0
2026-06-16 14:15:00+05:30,13.31,13.43,13.31,13.42,0
2026-06-16 14:30:00+05:30,13.42,13.46,13.32,13.43,0
2026-06-16 14:45:00+05:30,13.43,13.47,13.33,13.35,0
2026-06-16 15:00:00+05:30,13.35,13.39,13.32,13.33,0
2026-06-16 15:15:00+05:30,13.33,13.44,13.3,13.39,0
2026-06-17 09:15:00+05:30,13.36,13.5,12.35,13.39,0
2026-06-17 09:30:00+05:30,13.39,13.45,13.34,13.43,0
2026-06-17 09:45:00+05:30,13.43,13.46,13.39,13.45,0
2026-06-17 10:00:00+05:30,13.45,13.53,13.44,13.49,0
2026-06-17 10:15:00+05:30,13.5,13.53,13.43,13.43,0
2026-06-17 10:30:00+05:30,13.43,13.48,13.42,13.44,0
2026-06-17 10:45:00+05:30,13.44,13.47,13.43,13.45,0
2026-06-17 11:00:00+05:30,13.45,13.46,13.39,13.4,0
2026-06-17 11:15:00+05:30,13.4,13.44,13.34,13.35,0
2026-06-17 11:30:00+05:30,13.36,13.41,13.35,13.36,0
2026-06-17 11:45:00+05:30,13.36,13.4,13.34,13.39,0
2026-06-17 12:00:00+05:30,13.39,13.42,13.37,13.39,0
2026-06-17 12:15:00+05:30,13.39,13.5,13.38,13.48,0
2026-06-17 12:30:00+05:30,13.48,13.48,13.34,13.36,0
2026-06-17 12:45:00+05:30,13.35,13.42,13.35,13.39,0
2026-06-17 13:00:00+05:30,13.38,13.41,13.31,13.34,0
2026-06-17 13:15:00+05:30,13.34,13.38,13.32,13.35,0
2026-06-17 13:30:00+05:30,13.35,13.38,13.28,13.31,0
2026-06-17 13:45:00+05:30,13.31,13.33,13.26,13.3,0
2026-06-17 14:00:00+05:30,13.29,13.32,13.25,13.28,0
2026-06-17 14:15:00+05:30,13.28,13.31,13.25,13.28,0
2026-06-17 14:30:00+05:30,13.28,13.31,13.22,13.24,0
2026-06-17 14:45:00+05:30,13.24,13.27,13.19,13.19,0
2026-06-17 15:00:00+05:30,13.19,13.23,13.12,13.17,0
2026-06-17 15:15:00+05:30,13.17,13.26,13.14,13.2,0
2026-06-18 09:15:00+05:30,13.19,13.23,11.99,13.02,0
2026-06-18 09:30:00+05:30,13.03,13.09,12.92,12.94,0
2026-06-18 09:45:00+05:30,12.94,13.0,12.91,12.93,0
2026-06-18 10:00:00+05:30,12.93,12.93,12.77,12.78,0
2026-06-18 10:15:00+05:30,12.78,12.85,12.76,12.79,0
2026-06-18 10:30:00+05:30,12.79,12.99,12.76,12.99,0
2026-06-18 10:45:00+05:30,12.99,13.07,12.92,12.97,0
2026-06-18 11:00:00+05:30,12.97,13.04,12.95,13.01,0
2026-06-18 11:15:00+05:30,13.01,13.18,13.0,13.12,0
2026-06-18 11:30:00+05:30,13.12,13.2,13.07,13.14,0
2026-06-18 11:45:00+05:30,13.14,13.14,13.04,13.05,0
2026-06-18 12:00:00+05:30,13.05,13.06,12.89,12.91,0
2026-06-18 12:15:00+05:30,12.91,12.95,12.77,12.78,0
2026-06-18 12:30:00+05:30,12.79,12.89,12.77,12.87,0
2026-06-18 12:45:00+05:30,12.87,12.93,12.84,12.88,0
2026-06-18 13:00:00+05:30,12.88,12.91,12.86,12.89,0
2026-06-18 13:15:00+05:30,12.89,12.93,12.85,12.86,0
2026-06-18 13:30:00+05:30,12.86,12.87,12.81,12.83,0
2026-06-18 13:45:00+05:30,12.83,12.86,12.82,12.85,0
2026-06-18 14:00:00+05:30,12.84,12.92,12.84,12.86,0
2026-06-18 14:15:00+05:30,12.86,12.88,12.82,12.85,0
2026-06-18 14:30:00+05:30,12.85,12.93,12.79,12.79,0
2026-06-18 14:45:00+05:30,12.79,12.85,12.7,12.72,0
2026-06-18 15:00:00+05:30,12.72,12.73,12.58,12.67,0
2026-06-18 15:15:00+05:30,12.66,12.73,12.65,12.73,0
2026-06-19 09:15:00+05:30,12.67,13.49,12.07,13.43,0
2026-06-19 09:30:00+05:30,13.42,13.5,13.31,13.31,0
2026-06-19 09:45:00+05:30,13.31,13.39,13.2,13.2,0
2026-06-19 10:00:00+05:30,13.2,13.27,13.19,13.23,0
2026-06-19 10:15:00+05:30,13.24,13.24,13.18,13.22,0
2026-06-19 10:30:00+05:30,13.22,13.32,13.22,13.26,0
2026-06-19 10:45:00+05:30,13.26,13.39,13.23,13.39,0
2026-06-19 11:00:00+05:30,13.39,13.41,13.3,13.32,0
2026-06-19 11:15:00+05:30,13.32,13.42,13.31,13.37,0
2026-06-19 11:30:00+05:30,13.37,13.39,13.27,13.35,0
2026-06-19 11:45:00+05:30,13.35,13.41,13.35,13.39,0
2026-06-19 12:00:00+05:30,13.39,13.4,13.28,13.37,0
2026-06-19 12:15:00+05:30,13.37,13.39,13.26,13.29,0
2026-06-19 12:30:00+05:30,13.29,13.55,13.26,13.48,0
2026-06-19 12:45:00+05:30,13.48,13.55,13.42,13.51,0
2026-06-19 13:00:00+05:30,13.51,13.62,13.5,13.59,0
2026-06-19 13:15:00+05:30,13.59,13.64,13.55,13.59,0
2026-06-19 13:30:00+05:30,13.6,13.63,13.43,13.45,0
2026-06-19 13:45:00+05:30,13.45,13.45,13.31,13.31,0
2026-06-19 14:00:00+05:30,13.31,13.41,13.21,13.23,0
2026-06-19 14:15:00+05:30,13.21,13.32,13.19,13.28,0
2026-06-19 14:30:00+05:30,13.28,13.32,13.18,13.22,0
2026-06-19 14:45:00+05:30,13.22,13.52,13.19,13.5,0
2026-06-19 15:00:00+05:30,13.51,13.52,12.91,12.97,0
2026-06-19 15:15:00+05:30,12.97,13.03,12.77,12.78,0
2026-06-22 09:15:00+05:30,12.97,13.51,12.65,13.05,0
2026-06-22 09:30:00+05:30,13.05,13.08,13.0,13.02,0
2026-06-22 09:45:00+05:30,13.02,13.07,12.98,12.98,0
2026-06-22 10:00:00+05:30,12.98,13.03,12.96,13.02,0
2026-06-22 10:15:00+05:30,13.02,13.02,12.95,12.98,0
2026-06-22 10:30:00+05:30,12.98,12.98,12.89,12.9,0
2026-06-22 10:45:00+05:30,12.9,12.95,12.88,12.89,0
2026-06-22 11:00:00+05:30,12.89,12.9,12.86,12.88,0
2026-06-22 11:15:00+05:30,12.88,12.91,12.86,12.86,0
2026-06-22 11:30:00+05:30,12.86,12.89,12.83,12.88,0
2026-06-22 11:45:00+05:30,12.88,12.92,12.83,12.83,0
2026-06-22 12:00:00+05:30,12.83,12.93,12.83,12.86,0
2026-06-22 12:15:00+05:30,12.86,12.94,12.84,12.92,0
2026-06-22 12:30:00+05:30,12.92,12.95,12.88,12.91,0
2026-06-22 12:45:00+05:30,12.91,12.93,12.84,12.86,0
2026-06-22 13:00:00+05:30,12.86,12.9,12.85,12.88,0
2026-06-22 13:15:00+05:30,12.88,12.94,12.84,12.88,0
2026-06-22 13:30:00+05:30,12.88,12.93,12.84,12.92,0
2026-06-22 13:45:00+05:30,12.92,12.93,12.83,12.84,0
2026-06-22 14:00:00+05:30,12.84,12.88,12.8,12.81,0
2026-06-22 14:15:00+05:30,12.81,12.83,12.76,12.77,0
2026-06-22 14:30:00+05:30,12.78,12.85,12.76,12.81,0
2026-06-22 14:45:00+05:30,12.81,12.83,12.78,12.83,0
2026-06-22 15:00:00+05:30,12.82,12.9,12.78,12.84,0
2026-06-22 15:15:00+05:30,12.84,12.87,12.79,12.81,0
2026-06-23 09:15:00+05:30,12.84,12.97,12.43,12.7,0
2026-06-23 09:30:00+05:30,12.7,12.7,12.53,12.57,0
2026-06-23 09:45:00+05:30,12.56,12.57,12.49,12.54,0
2026-06-23 10:00:00+05:30,12.54,12.55,12.48,12.48,0
2026-06-23 10:15:00+05:30,12.48,12.53,12.47,12.49,0
2026-06-23 10:30:00+05:30,12.49,12.51,12.47,12.49,0
2026-06-23 10:45:00+05:30,12.49,12.51,12.46,12.47,0
2026-06-23 11:00:00+05:30,12.47,12.55,12.47,12.48,0
2026-06-23 11:15:00+05:30,12.48,12.49,12.46,12.47,0
2026-06-23 11:30:00+05:30,12.47,12.57,12.43,12.56,0
2026-06-23 11:45:00+05:30,12.55,13.24,12.55,13.15,0
2026-06-23 12:00:00+05:30,13.16,13.39,13.11,13.36,0
2026-06-23 12:15:00+05:30,13.36,13.91,13.27,13.58,0
2026-06-23 12:30:00+05:30,13.58,13.69,13.45,13.53,0
2026-06-23 12:45:00+05:30,13.53,13.75,13.52,13.7,0
2026-06-23 13:00:00+05:30,13.69,13.85,13.6,13.7,0
2026-06-23 13:15:00+05:30,13.71,13.9,13.65,13.86,0
2026-06-23 13:30:00+05:30,13.86,14.07,13.85,13.91,0
2026-06-23 13:45:00+05:30,13.91,14.05,13.8,14.0,0
2026-06-23 14:00:00+05:30,14.0,14.07,13.73,13.77,0
2026-06-23 14:15:00+05:30,13.77,13.9,13.72,13.77,0
2026-06-23 14:30:00+05:30,13.76,13.81,13.53,13.55,0
2026-06-23 14:45:00+05:30,13.54,13.6,13.5,13.6,0
2026-06-23 15:00:00+05:30,13.6,13.95,13.55,13.94,0
2026-06-23 15:15:00+05:30,13.94,14.24,13.93,14.23,0
2026-06-24 09:15:00+05:30,13.94,14.3,13.58,13.87,0
2026-06-24 09:30:00+05:30,13.86,13.89,13.76,13.8,0
2026-06-24 09:45:00+05:30,13.81,14.11,13.79,13.9,0
2026-06-24 10:00:00+05:30,13.9,13.9,13.65,13.75,0
2026-06-24 10:15:00+05:30,13.75,13.79,13.66,13.7,0
2026-06-24 10:30:00+05:30,13.71,13.77,13.69,13.69,0
2026-06-24 10:45:00+05:30,13.7,13.73,13.67,13.71,0
2026-06-24 11:00:00+05:30,13.7,13.72,13.55,13.58,0
2026-06-24 11:15:00+05:30,13.58,13.65,13.58,13.62,0
2026-06-24 11:30:00+05:30,13.62,13.66,13.54,13.55,0
2026-06-24 11:45:00+05:30,13.55,13.62,13.5,13.61,0
2026-06-24 12:00:00+05:30,13.61,13.69,13.6,13.68,0
2026-06-24 12:15:00+05:30,13.68,13.7,13.62,13.64,0
2026-06-24 12:30:00+05:30,13.64,13.67,13.57,13.65,0
2026-06-24 12:45:00+05:30,13.65,13.67,13.58,13.65,0
2026-06-24 13:00:00+05:30,13.65,13.66,13.51,13.54,0
2026-06-24 13:15:00+05:30,13.55,13.65,13.54,13.63,0
2026-06-24 13:30:00+05:30,13.63,13.64,13.45,13.54,0
2026-06-24 13:45:00+05:30,13.54,13.59,13.5,13.53,0
2026-06-24 14:00:00+05:30,13.53,13.64,13.52,13.59,0
2026-06-24 14:15:00+05:30,13.57,13.63,13.52,13.56,0
2026-06-24 14:30:00+05:30,13.56,13.63,13.52,13.52,0
2026-06-24 14:45:00+05:30,13.52,13.56,13.41,13.44,0
2026-06-24 15:00:00+05:30,13.44,13.48,13.36,13.39,0
2026-06-24 15:15:00+05:30,13.39,13.41,13.3,13.33,0
2026-06-25 09:15:00+05:30,13.39,13.39,12.43,12.92,0
2026-06-25 09:30:00+05:30,12.9,13.0,12.87,12.91,0
2026-06-25 09:45:00+05:30,12.91,12.91,12.8,12.82,0
2026-06-25 10:00:00+05:30,12.82,12.83,12.74,12.78,0
2026-06-25 10:15:00+05:30,12.78,12.79,12.69,12.78,0
2026-06-25 10:30:00+05:30,12.78,12.81,12.73,12.74,0
2026-06-25 10:45:00+05:30,12.74,12.79,12.65,12.76,0
2026-06-25 11:00:00+05:30,12.75,12.8,12.72,12.77,0
2026-06-25 11:15:00+05:30,12.77,12.9,12.75,12.87,0
2026-06-25 11:30:00+05:30,12.86,12.9,12.8,12.82,0
2026-06-25 11:45:00+05:30,12.82,12.96,12.8,12.95,0
2026-06-25 12:00:00+05:30,12.95,13.03,12.85,12.93,0
2026-06-25 12:15:00+05:30,12.93,12.97,12.85,12.87,0
2026-06-25 12:30:00+05:30,12.87,13.02,12.86,12.94,0
2026-06-25 12:45:00+05:30,12.94,13.01,12.9,12.96,0
2026-06-25 13:00:00+05:30,12.96,13.02,12.93,12.99,0
2026-06-25 13:15:00+05:30,12.99,13.01,12.88,12.94,0
2026-06-25 13:30:00+05:30,12.93,12.99,12.87,12.96,0
2026-06-25 13:45:00+05:30,12.96,12.99,12.9,12.97,0
2026-06-25 14:00:00+05:30,12.97,13.1,12.92,13.06,0
2026-06-25 14:15:00+05:30,13.06,13.15,12.99,13.01,0
2026-06-25 14:30:00+05:30,13.02,13.11,12.87,13.07,0
2026-06-25 14:45:00+05:30,13.07,13.11,12.95,13.04,0
2026-06-25 15:00:00+05:30,13.03,13.11,12.92,13.09,0
2026-06-25 15:15:00+05:30,13.08,13.13,13.02,13.09,0
2026-06-29 09:15:00+05:30,13.05,13.78,12.92,13.73,0
2026-06-29 09:30:00+05:30,13.73,13.94,13.6,13.6,0
2026-06-29 09:45:00+05:30,13.6,13.67,13.54,13.59,0
2026-06-29 10:00:00+05:30,13.57,13.65,13.46,13.52,0
2026-06-29 10:15:00+05:30,13.52,13.61,13.38,13.41,0
2026-06-29 10:30:00+05:30,13.41,13.54,13.39,13.4,0
2026-06-29 10:45:00+05:30,13.4,13.54,13.39,13.43,0
2026-06-29 11:00:00+05:30,13.43,13.45,13.33,13.38,0
2026-06-29 11:15:00+05:30,13.39,13.43,13.35,13.42,0
2026-06-29 11:30:00+05:30,13.42,13.57,13.4,13.53,0
2026-06-29 11:45:00+05:30,13.52,13.68,13.5,13.65,0
2026-06-29 12:00:00+05:30,13.64,13.77,13.61,13.73,0
2026-06-29 12:15:00+05:30,13.73,13.86,13.71,13.84,0
2026-06-29 12:30:00+05:30,13.83,14.07,13.81,13.96,0
2026-06-29 12:45:00+05:30,13.96,13.98,13.84,13.85,0
2026-06-29 13:00:00+05:30,13.85,13.9,13.75,13.88,0
2026-06-29 13:15:00+05:30,13.88,13.95,13.82,13.84,0
2026-06-29 13:30:00+05:30,13.86,13.93,13.74,13.91,0
2026-06-29 13:45:00+05:30,13.91,14.03,13.87,13.91,0
2026-06-29 14:00:00+05:30,13.91,13.92,13.81,13.82,0
2026-06-29 14:15:00+05:30,13.83,13.9,13.78,13.86,0
2026-06-29 14:30:00+05:30,13.87,13.91,13.71,13.71,0
2026-06-29 14:45:00+05:30,13.72,13.87,13.65,13.87,0
2026-06-29 15:00:00+05:30,13.84,13.86,13.44,13.64,0
2026-06-29 15:15:00+05:30,13.64,13.67,13.51,13.57,0
2026-06-30 09:15:00+05:30,13.61,13.9,13.15,13.88,0
2026-06-30 09:30:00+05:30,13.88,13.97,13.86,13.91,0
2026-06-30 09:45:00+05:30,13.91,13.97,13.81,13.86,0
2026-06-30 10:00:00+05:30,13.86,13.86,13.65,13.77,0
2026-06-30 10:15:00+05:30,13.76,13.84,13.69,13.74,0
2026-06-30 10:30:00+05:30,13.74,13.76,13.59,13.66,0
2026-06-30 10:45:00+05:30,13.66,13.72,13.53,13.72,0
2026-06-30 11:00:00+05:30,13.72,13.75,13.42,13.45,0
2026-06-30 11:15:00+05:30,13.44,13.48,13.19,13.28,0
2026-06-30 11:30:00+05:30,13.28,13.43,13.24,13.41,0
2026-06-30 11:45:00+05:30,13.41,13.45,13.31,13.33,0
2026-06-30 12:00:00+05:30,13.32,13.46,13.31,13.41,0
2026-06-30 12:15:00+05:30,13.41,13.46,13.35,13.37,0
2026-06-30 12:30:00+05:30,13.37,13.45,13.29,13.38,0
2026-06-30 12:45:00+05:30,13.35,13.42,13.33,13.39,0
2026-06-30 13:00:00+05:30,13.39,13.48,13.37,13.47,0
2026-06-30 13:15:00+05:30,13.47,13.5,13.37,13.39,0
2026-06-30 13:30:00+05:30,13.39,13.4,13.31,13.35,0
2026-06-30 13:45:00+05:30,13.35,13.47,13.35,13.47,0
2026-06-30 14:00:00+05:30,13.47,13.59,13.43,13.55,0
2026-06-30 14:15:00+05:30,13.55,13.61,13.23,13.34,0
2026-06-30 14:30:00+05:30,13.34,13.41,13.3,13.31,0
2026-06-30 14:45:00+05:30,13.31,13.47,13.31,13.44,0
2026-06-30 15:00:00+05:30,13.44,13.76,13.42,13.61,0
2026-06-30 15:15:00+05:30,13.61,13.65,13.44,13.48,0
2026-07-01 09:15:00+05:30,13.6,14.07,13.39,13.89,0
2026-07-01 09:30:00+05:30,13.89,13.95,13.7,13.71,0
2026-07-01 09:45:00+05:30,13.71,13.74,13.6,13.61,0
2026-07-01 10:00:00+05:30,13.61,13.67,13.54,13.57,0
2026-07-01 10:15:00+05:30,13.57,13.6,13.51,13.55,0
2026-07-01 10:30:00+05:30,13.55,13.58,13.48,13.54,0
2026-07-01 10:45:00+05:30,13.55,13.67,13.45,13.58,0
2026-07-01 11:00:00+05:30,13.58,13.58,13.38,13.39,0
2026-07-01 11:15:00+05:30,13.41,13.53,13.41,13.43,0
2026-07-01 11:30:00+05:30,13.43,13.5,13.4,13.41,0
2026-07-01 11:45:00+05:30,13.41,13.5,13.36,13.45,0
2026-07-01 12:00:00+05:30,13.45,13.46,13.39,13.4,0
2026-07-01 12:15:00+05:30,13.4,13.45,13.39,13.43,0
2026-07-01 12:30:00+05:30,13.44,13.45,13.36,13.38,0
2026-07-01 12:45:00+05:30,13.38,13.43,13.37,13.4,0
2026-07-01 13:00:00+05:30,13.4,13.46,13.37,13.39,0
2026-07-01 13:15:00+05:30,13.39,13.4,13.34,13.38,0
2026-07-01 13:30:00+05:30,13.38,13.4,13.23,13.3,0
2026-07-01 13:45:00+05:30,13.3,13.33,13.29,13.3,0
2026-07-01 14:00:00+05:30,13.3,13.35,13.27,13.32,0
2026-07-01 14:15:00+05:30,13.31,13.4,13.3,13.32,0
2026-07-01 14:30:00+05:30,13.32,13.46,13.3,13.38,0
2026-07-01 14:45:00+05:30,13.38,13.38,13.25,13.32,0
2026-07-01 15:00:00+05:30,13.32,13.34,13.16,13.25,0
2026-07-01 15:15:00+05:30,13.25,13.32,13.15,13.19,0
2026-07-02 09:15:00+05:30,13.24,13.29,12.45,12.92,0
2026-07-02 09:30:00+05:30,12.92,12.93,12.66,12.78,0
2026-07-02 09:45:00+05:30,12.78,12.79,12.71,12.77,0
2026-07-02 10:00:00+05:30,12.76,12.88,12.74,12.81,0
2026-07-02 10:15:00+05:30,12.82,12.89,12.72,12.74,0
2026-07-02 10:30:00+05:30,12.75,12.77,12.65,12.68,0
2026-07-02 10:45:00+05:30,12.68,12.75,12.66,12.7,0
2026-07-02 11:00:00+05:30,12.7,12.75,12.69,12.73,0
2026-07-02 11:15:00+05:30,12.74,12.81,12.72,12.8,0
2026-07-02 11:30:00+05:30,12.81,12.89,12.74,12.8,0
2026-07-02 11:45:00+05:30,12.8,12.81,12.71,12.72,0
2026-07-02 12:00:00+05:30,12.72,12.74,12.6,12.6,0
2026-07-02 12:15:00+05:30,12.6,12.64,12.54,12.57,0
2026-07-02 12:30:00+05:30,12.56,12.6,12.52,12.57,0
2026-07-02 12:45:00+05:30,12.57,12.58,12.53,12.55,0
2026-07-02 13:00:00+05:30,12.55,12.59,12.53,12.53,0
2026-07-02 13:15:00+05:30,12.54,12.57,12.51,12.55,0
2026-07-02 13:30:00+05:30,12.55,12.55,12.51,12.52,0
2026-07-02 13:45:00+05:30,12.52,12.55,12.49,12.52,0
2026-07-02 14:00:00+05:30,12.52,12.54,12.49,12.53,0
2026-07-02 14:15:00+05:30,12.53,12.54,12.46,12.51,0
2026-07-02 14:30:00+05:30,12.5,12.53,12.44,12.45,0
2026-07-02 14:45:00+05:30,12.45,12.48,12.37,12.4,0
2026-07-02 15:00:00+05:30,12.4,12.43,12.28,12.31,0
2026-07-02 15:15:00+05:30,12.31,12.32,12.19,12.21,0
2026-07-03 09:15:00+05:30,12.29,12.29,11.65,12.03,0
2026-07-03 09:30:00+05:30,12.03,12.05,11.96,11.96,0
2026-07-03 09:45:00+05:30,11.97,12.06,11.94,11.98,0
2026-07-03 10:00:00+05:30,11.98,12.01,11.93,11.96,0
2026-07-03 10:15:00+05:30,11.95,12.01,11.92,12.0,0
2026-07-03 10:30:00+05:30,12.0,12.02,11.92,11.93,0
2026-07-03 10:45:00+05:30,11.93,11.96,11.88,11.92,0
2026-07-03 11:00:00+05:30,11.92,11.93,11.86,11.9,0
2026-07-03 11:15:00+05:30,11.9,11.93,11.87,11.9,0
2026-07-03 11:30:00+05:30,11.9,11.9,11.85,11.85,0
2026-07-03 11:45:00+05:30,11.85,11.88,11.83,11.84,0
2026-07-03 12:00:00+05:30,11.84,11.87,11.82,11.85,0
2026-07-03 12:15:00+05:30,11.85,11.9,11.82,11.89,0
2026-07-03 12:30:00+05:30,11.88,11.92,11.83,11.85,0
2026-07-03 12:45:00+05:30,11.85,11.87,11.8,11.83,0
2026-07-03 13:00:00+05:30,11.83,11.91,11.82,11.88,0
2026-07-03 13:15:00+05:30,11.88,11.9,11.86,11.87,0
2026-07-03 13:30:00+05:30,11.87,11.96,11.85,11.94,0
2026-07-03 13:45:00+05:30,11.94,11.96,11.88,11.94,0
2026-07-03 14:00:00+05:30,11.94,11.98,11.88,11.9,0
2026-07-03 14:15:00+05:30,11.89,11.97,11.89,11.9,0
2026-07-03 14:30:00+05:30,11.9,11.97,11.89,11.94,0
2026-07-03 14:45:00+05:30,11.93,11.94,11.85,11.86,0
2026-07-03 15:00:00+05:30,11.87,11.88,11.74,11.78,0
2026-07-03 15:15:00+05:30,11.78,11.86,11.75,11.83,0
2026-07-06 09:15:00+05:30,11.8,12.36,11.7,11.96,0
2026-07-06 09:30:00+05:30,11.97,11.99,11.91,11.91,0
2026-07-06 09:45:00+05:30,11.91,11.97,11.9,11.95,0
2026-07-06 10:00:00+05:30,11.94,11.99,11.91,11.91,0
2026-07-06 10:15:00+05:30,11.91,11.96,11.79,11.81,0
2026-07-06 10:30:00+05:30,11.81,11.9,11.81,11.87,0
2026-07-06 10:45:00+05:30,11.88,11.9,11.79,11.82,0
2026-07-06 11:00:00+05:30,11.82,11.85,11.8,11.84,0
2026-07-06 11:15:00+05:30,11.83,11.87,11.82,11.85,0
2026-07-06 11:30:00+05:30,11.85,11.91,11.83,11.87,0
2026-07-06 11:45:00+05:30,11.87,11.91,11.86,11.89,0
2026-07-06 12:00:00+05:30,11.89,11.9,11.84,11.88,0
2026-07-06 12:15:00+05:30,11.88,11.92,11.87,11.88,0
2026-07-06 12:30:00+05:30,11.88,11.94,11.87,11.93,0
2026-07-06 12:45:00+05:30,11.93,11.97,11.92,11.95,0
2026-07-06 13:00:00+05:30,11.96,11.98,11.93,11.93,0
2026-07-06 13:15:00+05:30,11.93,11.94,11.9,11.93,0
2026-07-06 13:30:00+05:30,11.93,11.93,11.88,11.91,0
2026-07-06 13:45:00+05:30,11.91,11.93,11.87,11.87,0
2026-07-06 14:00:00+05:30,11.87,11.91,11.85,11.89,0
2026-07-06 14:15:00+05:30,11.89,11.91,11.85,11.9,0
2026-07-06 14:30:00+05:30,11.9,11.9,11.84,11.86,0
2026-07-06 14:45:00+05:30,11.86,11.95,11.8,11.81,0
2026-07-06 15:00:00+05:30,11.82,11.85,11.76,11.83,0
2026-07-06 15:15:00+05:30,11.83,11.88,11.79,11.85,0
2026-07-07 09:15:00+05:30,11.82,11.94,11.06,11.81,0
2026-07-07 09:30:00+05:30,11.81,11.91,11.79,11.86,0
2026-07-07 09:45:00+05:30,11.86,11.87,11.78,11.8,0
2026-07-07 10:00:00+05:30,11.8,11.85,11.79,11.8,0
2026-07-07 10:15:00+05:30,11.8,11.82,11.75,11.78,0
2026-07-07 10:30:00+05:30,11.78,11.79,11.69,11.73,0
2026-07-07 10:45:00+05:30,11.73,11.75,11.69,11.7,0
2026-07-07 11:00:00+05:30,11.7,11.73,11.68,11.7,0
2026-07-07 11:15:00+05:30,11.7,11.79,11.7,11.76,0
2026-07-07 11:30:00+05:30,11.76,11.79,11.74,11.74,0
2026-07-07 11:45:00+05:30,11.74,11.77,11.73,11.75,0
2026-07-07 12:00:00+05:30,11.75,11.76,11.7,11.72,0
2026-07-07 12:15:00+05:30,11.72,11.74,11.7,11.71,0
2026-07-07 12:30:00+05:30,11.71,11.73,11.63,11.66,0
2026-07-07 12:45:00+05:30,11.66,11.73,11.65,11.69,0
2026-07-07 13:00:00+05:30,11.69,11.73,11.64,11.72,0
2026-07-07 13:15:00+05:30,11.72,11.75,11.65,11.7,0
2026-07-07 13:30:00+05:30,11.7,11.74,11.66,11.67,0
2026-07-07 13:45:00+05:30,11.67,11.69,11.63,11.65,0
2026-07-07 14:00:00+05:30,11.65,11.66,11.58,11.61,0
2026-07-07 14:15:00+05:30,11.61,11.65,11.56,11.59,0
2026-07-07 14:30:00+05:30,11.59,11.61,11.5,11.55,0
2026-07-07 14:45:00+05:30,11.55,11.59,11.5,11.56,0
2026-07-07 15:00:00+05:30,11.55,11.69,11.53,11.66,0
2026-07-07 15:15:00+05:30,11.66,11.78,11.63,11.76,0
2026-07-08 09:15:00+05:30,11.65,12.48,11.34,12.44,0
2026-07-08 09:30:00+05:30,12.44,12.51,12.43,12.46,0
2026-07-08 09:45:00+05:30,12.45,12.45,12.25,12.32,0
2026-07-08 10:00:00+05:30,12.33,12.36,12.26,12.28,0
2026-07-08 10:15:00+05:30,12.28,12.34,12.27,12.29,0
2026-07-08 10:30:00+05:30,12.29,12.29,12.1,12.13,0
2026-07-08 10:45:00+05:30,12.13,12.17,12.11,12.12,0
2026-07-08 11:00:00+05:30,12.12,12.16,12.11,12.11,0
2026-07-08 11:15:00+05:30,12.11,12.16,12.1,12.11,0
2026-07-08 11:30:00+05:30,12.11,12.23,12.11,12.21,0
2026-07-08 11:45:00+05:30,12.21,12.24,12.18,12.21,0
2026-07-08 12:00:00+05:30,12.21,12.28,12.2,12.25,0
2026-07-08 12:15:00+05:30,12.25,12.34,12.17,12.3,0
2026-07-08 12:30:00+05:30,12.3,12.36,12.28,12.28,0
2026-07-08 12:45:00+05:30,12.28,12.31,12.17,12.19,0
2026-07-08 13:00:00+05:30,12.19,12.2,12.14,12.18,0
2026-07-08 13:15:00+05:30,12.18,12.23,12.15,12.22,0
2026-07-08 13:30:00+05:30,12.22,12.3,12.21,12.3,0
2026-07-08 13:45:00+05:30,12.29,13.98,12.27,13.98,0
2026-07-08 14:00:00+05:30,13.98,15.15,13.87,14.96,0
2026-07-08 14:15:00+05:30,14.96,15.0,14.54,15.0,0
2026-07-08 14:30:00+05:30,15.01,15.13,14.82,14.87,0
2026-07-08 14:45:00+05:30,14.87,15.16,14.85,15.08,0
2026-07-08 15:00:00+05:30,15.08,15.09,14.69,14.72,0
2026-07-08 15:15:00+05:30,14.72,14.75,14.46,14.54,0
2026-07-09 09:15:00+05:30,14.68,14.68,13.4,13.62,0
2026-07-09 09:30:00+05:30,13.62,13.68,13.43,13.44,0
2026-07-09 09:45:00+05:30,13.44,13.51,13.38,13.48,0
2026-07-09 10:00:00+05:30,13.48,13.48,13.32,13.38,0
2026-07-09 10:15:00+05:30,13.38,13.43,13.33,13.4,0
2026-07-09 10:30:00+05:30,13.39,13.41,13.1,13.32,0
2026-07-09 10:45:00+05:30,13.32,13.44,13.24,13.4,0
2026-07-09 11:00:00+05:30,13.4,13.5,13.33,13.34,0
2026-07-09 11:15:00+05:30,13.35,13.36,13.09,13.13,0
2026-07-09 11:30:00+05:30,13.13,13.22,13.12,13.19,0
2026-07-09 11:45:00+05:30,13.19,13.23,13.13,13.13,0
2026-07-09 12:00:00+05:30,13.13,13.16,13.07,13.14,0
2026-07-09 12:15:00+05:30,13.14,13.17,13.11,13.14,0
2026-07-09 12:30:00+05:30,13.14,13.3,13.13,13.29,0
2026-07-09 12:45:00+05:30,13.29,13.31,13.2,13.27,0
2026-07-09 13:00:00+05:30,13.27,13.31,13.15,13.15,0
2026-07-09 13:15:00+05:30,13.15,13.26,13.12,13.25,0
2026-07-09 13:30:00+05:30,13.23,13.26,13.12,13.17,0
2026-07-09 13:45:00+05:30,13.17,13.22,13.13,13.21,0
2026-07-09 14:00:00+05:30,13.21,13.27,13.18,13.18,0
2026-07-09 14:15:00+05:30,13.18,13.23,13.16,13.18,0
2026-07-09 14:30:00+05:30,13.17,13.26,13.12,13.23,0
2026-07-09 14:45:00+05:30,13.23,13.27,13.13,13.25,0
2026-07-09 15:00:00+05:30,13.23,13.55,13.16,13.51,0
2026-07-09 15:15:00+05:30,13.51,13.53,13.25,13.27,0
2026-07-10 09:15:00+05:30,13.36,13.36,12.13,12.64,0
2026-07-10 09:30:00+05:30,12.64,12.65,12.48,12.48,0
2026-07-10 09:45:00+05:30,12.48,12.56,12.48,12.52,0
2026-07-10 10:00:00+05:30,12.52,12.57,12.47,12.47,0
2026-07-10 10:15:00+05:30,12.47,12.48,12.42,12.43,0
2026-07-10 10:30:00+05:30,12.43,12.52,12.43,12.46,0
2026-07-10 10:45:00+05:30,12.46,12.47,12.39,12.39,0
2026-07-10 11:00:00+05:30,12.39,12.46,12.39,12.45,0
2026-07-10 11:15:00+05:30,12.45,12.48,12.4,12.42,0
2026-07-10 11:30:00+05:30,12.42,12.42,12.37,12.39,0
2026-07-10 11:45:00+05:30,12.39,12.43,12.35,12.37,0
2026-07-10 12:00:00+05:30,12.37,12.42,12.32,12.41,0
2026-07-10 12:15:00+05:30,12.41,12.42,12.34,12.37,0
2026-07-10 12:30:00+05:30,12.37,12.38,12.35,12.36,0
2026-07-10 12:45:00+05:30,12.36,12.39,12.35,12.37,0
2026-07-10 13:00:00+05:30,12.37,12.39,12.35,12.38,0
2026-07-10 13:15:00+05:30,12.38,12.39,12.31,12.32,0
2026-07-10 13:30:00+05:30,12.32,12.37,12.3,12.35,0
2026-07-10 13:45:00+05:30,12.35,12.36,12.29,12.32,0
2026-07-10 14:00:00+05:30,12.32,12.33,12.28,12.31,0
2026-07-10 14:15:00+05:30,12.31,12.37,12.3,12.33,0
2026-07-10 14:30:00+05:30,12.34,12.38,12.31,12.35,0
2026-07-10 14:45:00+05:30,12.35,12.37,12.25,12.32,0
2026-07-10 15:00:00+05:30,12.32,12.33,12.19,12.25,0
2026-07-10 15:15:00+05:30,12.25,12.34,12.21,12.33,0
2026-07-13 09:15:00+05:30,12.25,13.52,9.48,13.38,0
2026-07-13 09:30:00+05:30,13.37,13.39,13.18,13.21,0
2026-07-13 09:45:00+05:30,13.21,13.26,13.19,13.21,0
2026-07-13 10:00:00+05:30,13.21,13.24,13.14,13.17,0
2026-07-13 10:15:00+05:30,13.17,13.33,13.15,13.32,0
2026-07-13 10:30:00+05:30,13.33,13.36,13.28,13.3,0
2026-07-13 10:45:00+05:30,13.3,13.32,13.26,13.29,0
2026-07-13 11:00:00+05:30,13.29,13.35,13.28,13.34,0
2026-07-13 11:15:00+05:30,13.34,13.36,13.3,13.34,0
2026-07-13 11:30:00+05:30,13.33,13.37,13.32,13.34,0
2026-07-13 11:45:00+05:30,13.34,13.38,13.32,13.38,0
2026-07-13 12:00:00+05:30,13.38,13.48,13.36,13.48,0
2026-07-13 12:15:00+05:30,13.48,13.51,13.33,13.37,0
2026-07-13 12:30:00+05:30,13.37,13.41,13.35,13.39,0
2026-07-13 12:45:00+05:30,13.39,13.45,13.31,13.36,0
2026-07-13 13:00:00+05:30,13.36,13.46,13.35,13.43,0
2026-07-13 13:15:00+05:30,13.43,13.47,13.34,13.34,0
2026-07-13 13:30:00+05:30,13.34,13.45,13.33,13.41,0
2026-07-13 13:45:00+05:30,13.42,13.44,13.35,13.37,0
2026-07-13 14:00:00+05:30,13.37,13.38,13.27,13.28,0
2026-07-13 14:15:00+05:30,13.28,13.3,13.22,13.23,0
2026-07-13 14:30:00+05:30,13.25,13.34,13.22,13.28,0
2026-07-13 14:45:00+05:30,13.29,13.35,13.26,13.3,0
2026-07-13 15:00:00+05:30,13.3,13.3,13.22,13.29,0
2026-07-13 15:15:00+05:30,13.29,13.33,13.26,13.3,0
2026-07-14 09:15:00+05:30,13.28,13.75,11.66,13.74,0
2026-07-14 09:30:00+05:30,13.74,13.79,13.65,13.77,0
2026-07-14 09:45:00+05:30,13.77,13.84,13.75,13.78,0
2026-07-14 10:00:00+05:30,13.78,13.81,13.67,13.68,0
2026-07-14 10:15:00+05:30,13.68,13.79,13.64,13.74,0
2026-07-14 10:30:00+05:30,13.75,13.77,13.67,13.67,0
2026-07-14 10:45:00+05:30,13.66,13.7,13.52,13.57,0
2026-07-14 11:00:00+05:30,13.57,13.57,13.48,13.48,0
2026-07-14 11:15:00+05:30,13.48,13.5,13.43,13.45,0
2026-07-14 11:30:00+05:30,13.45,13.49,13.43,13.46,0
2026-07-14 11:45:00+05:30,13.46,13.51,13.43,13.5,0
2026-07-14 12:00:00+05:30,13.5,13.62,13.45,13.61,0
2026-07-14 12:15:00+05:30,13.61,13.67,13.6,13.66,0
2026-07-14 12:30:00+05:30,13.66,13.7,13.57,13.58,0
2026-07-14 12:45:00+05:30,13.58,13.63,13.56,13.59,0
2026-07-14 13:00:00+05:30,13.58,13.66,13.56,13.63,0
2026-07-14 13:15:00+05:30,13.63,13.67,13.56,13.57,0
2026-07-14 13:30:00+05:30,13.57,13.77,13.57,13.74,0
2026-07-14 13:45:00+05:30,13.73,13.74,13.68,13.7,0
2026-07-14 14:00:00+05:30,13.7,13.76,13.69,13.71,0
2026-07-14 14:15:00+05:30,13.71,13.76,13.69,13.74,0
2026-07-14 14:30:00+05:30,13.74,13.86,13.69,13.81,0
2026-07-14 14:45:00+05:30,13.81,13.86,13.74,13.83,0
2026-07-14 15:00:00+05:30,13.83,13.87,13.67,13.72,0
2026-07-14 15:15:00+05:30,13.72,13.85,13.71,13.8,0
2026-07-15 09:15:00+05:30,13.75,13.75,13.21,13.24,0
2026-07-15 09:30:00+05:30,13.24,13.31,13.19,13.19,0
2026-07-15 09:45:00+05:30,13.19,13.22,13.12,13.14,0
2026-07-15 10:00:00+05:30,13.14,13.16,13.08,13.11,0
2026-07-15 10:15:00+05:30,13.11,13.12,13.06,13.08,0
2026-07-15 10:30:00+05:30,13.08,13.11,13.04,13.09,0
2026-07-15 10:45:00+05:30,13.09,13.12,13.06,13.12,0
2026-07-15 11:00:00+05:30,13.12,13.16,13.08,13.14,0
2026-07-15 11:15:00+05:30,13.14,13.18,13.08,13.11,0
2026-07-15 11:30:00+05:30,13.11,13.14,13.06,13.11,0
2026-07-15 11:45:00+05:30,13.11,13.14,13.08,13.12,0
2026-07-15 12:00:00+05:30,13.12,13.15,13.1,13.1,0
2026-07-15 12:15:00+05:30,13.1,13.13,13.07,13.09,0
2026-07-15 12:30:00+05:30,13.08,13.21,13.08,13.13,0
2026-07-15 12:45:00+05:30,13.13,13.87,13.12,13.67,0
2026-07-15 13:00:00+05:30,13.66,13.75,13.48,13.57,0
2026-07-15 13:15:00+05:30,13.57,13.58,13.33,13.44,0
2026-07-15 13:30:00+05:30,13.45,13.59,13.42,13.53,0
2026-07-15 13:45:00+05:30,13.53,13.57,13.41,13.42,0
2026-07-15 14:00:00+05:30,13.42,13.46,13.31,13.39,0
2026-07-15 14:15:00+05:30,13.38,13.46,13.34,13.38,0
2026-07-15 14:30:00+05:30,13.38,13.39,13.25,13.27,0
2026-07-15 14:45:00+05:30,13.27,13.36,13.27,13.33,0
2026-07-15 15:00:00+05:30,13.33,13.37,13.22,13.24,0
2026-07-15 15:15:00+05:30,13.24,13.29,13.23,13.27,0
2026-07-16 09:15:00+05:30,13.27,13.27,12.81,12.96,0
2026-07-16 09:30:00+05:30,12.96,13.09,12.91,12.98,0
2026-07-16 09:45:00+05:30,12.98,13.02,12.93,12.96,0
2026-07-16 10:00:00+05:30,12.96,13.01,12.92,12.97,0
2026-07-16 10:15:00+05:30,12.97,12.98,12.92,12.93,0
2026-07-16 10:30:00+05:30,12.93,12.97,12.92,12.92,0
2026-07-16 10:45:00+05:30,12.92,12.94,12.84,12.88,0
2026-07-16 11:00:00+05:30,12.88,12.91,12.83,12.86,0
2026-07-16 11:15:00+05:30,12.86,12.89,12.83,12.84,0
2026-07-16 11:30:00+05:30,12.84,12.86,12.8,12.83,0
2026-07-16 11:45:00+05:30,12.83,12.87,12.79,12.83,0
2026-07-16 12:00:00+05:30,12.82,12.85,12.81,12.83,0
2026-07-16 12:15:00+05:30,12.83,12.85,12.79,12.81,0
2026-07-16 12:30:00+05:30,12.8,12.93,12.78,12.92,0
2026-07-16 12:45:00+05:30,12.92,12.92,12.86,12.87,0
2026-07-16 13:00:00+05:30,12.87,12.89,12.84,12.87,0
2026-07-16 13:15:00+05:30,12.88,12.92,12.86,12.88,0
2026-07-16 13:30:00+05:30,12.88,13.13,12.88,13.09,0
2026-07-16 13:45:00+05:30,13.09,13.11,12.9,12.9,0
2026-07-16 14:00:00+05:30,12.9,12.95,12.87,12.93,0
2026-07-16 14:15:00+05:30,12.94,12.95,12.85,12.93,0
2026-07-16 14:30:00+05:30,12.93,12.94,12.86,12.88,0
2026-07-16 14:45:00+05:30,12.88,12.95,12.81,12.82,0
2026-07-16 15:00:00+05:30,12.82,12.94,12.8,12.87,0
2026-07-16 15:15:00+05:30,12.86,12.92,12.85,12.87,0
2026-07-17 09:15:00+05:30,12.88,13.21,12.81,13.05,0
2026-07-17 09:30:00+05:30,13.05,13.1,13.03,13.07,0
2026-07-17 09:45:00+05:30,13.08,13.18,13.07,13.14,0
2026-07-17 10:00:00+05:30,13.14,13.2,13.12,13.18,0
2026-07-17 10:15:00+05:30,13.18,13.31,13.16,13.31,0
2026-07-17 10:30:00+05:30,13.31,13.35,13.21,13.26,0
2026-07-17 10:45:00+05:30,13.26,13.26,13.17,13.23,0
2026-07-17 11:00:00+05:30,13.23,13.27,13.19,13.21,0
2026-07-17 11:15:00+05:30,13.21,13.25,13.18,13.24,0
2026-07-17 11:30:00+05:30,13.24,13.29,13.21,13.26,0
2026-07-17 11:45:00+05:30,13.26,13.33,13.25,13.3,0
2026-07-17 12:00:00+05:30,13.31,13.34,13.26,13.27,0
2026-07-17 12:15:00+05:30,13.27,13.34,13.24,13.3,0
2026-07-17 12:30:00+05:30,13.3,13.33,13.25,13.28,0
2026-07-17 12:45:00+05:30,13.28,13.33,13.26,13.3,0
2026-07-17 13:00:00+05:30,13.3,13.32,13.24,13.27,0
2026-07-17 13:15:00+05:30,13.27,13.27,13.19,13.21,0
2026-07-17 13:30:00+05:30,13.21,13.24,13.08,13.09,0
2026-07-17 13:45:00+05:30,13.09,13.12,13.02,13.04,0
2026-07-17 14:00:00+05:30,13.04,13.14,13.03,13.14,0
2026-07-17 14:15:00+05:30,13.14,13.23,13.06,13.18,0
2026-07-17 14:30:00+05:30,13.18,13.19,13.1,13.14,0
2026-07-17 14:45:00+05:30,13.14,13.17,13.09,13.11,0
2026-07-17 15:00:00+05:30,13.12,13.16,13.08,13.14,0
2026-07-17 15:15:00+05:30,13.14,13.26,13.11,13.24,0
2026-07-20 09:15:00+05:30,13.15,13.84,13.15,13.55,0
2026-07-20 09:30:00+05:30,13.54,13.64,13.5,13.62,0
2026-07-20 09:45:00+05:30,13.62,13.63,13.52,13.54,0
2026-07-20 10:00:00+05:30,13.54,13.61,13.52,13.57,0
2026-07-20 10:15:00+05:30,13.57,13.6,13.47,13.48,0
2026-07-20 10:30:00+05:30,13.48,13.48,13.36,13.37,0
2026-07-20 10:45:00+05:30,13.37,13.45,13.34,13.35,0
2026-07-20 11:00:00+05:30,13.35,13.37,13.3,13.32,0
2026-07-20 11:15:00+05:30,13.32,13.35,13.29,13.35,0
2026-07-20 11:30:00+05:30,13.35,13.39,13.31,13.37,0
2026-07-20 11:45:00+05:30,13.37,13.43,13.35,13.42,0
2026-07-20 12:00:00+05:30,13.42,13.43,13.36,13.4,0
2026-07-20 12:15:00+05:30,13.4,13.42,13.32,13.39,0
2026-07-20 12:30:00+05:30,13.39,13.44,13.39,13.42,0
2026-07-20 12:45:00+05:30,13.42,13.47,13.35,13.35,0
2026-07-20 13:00:00+05:30,13.35,13.38,13.22,13.24,0
2026-07-20 13:15:00+05:30,13.25,13.27,13.17,13.2,0
2026-07-20 13:30:00+05:30,13.19,13.23,13.15,13.2,0
2026-07-20 13:45:00+05:30,13.2,13.22,13.08,13.08,0
2026-07-20 14:00:00+05:30,13.08,13.08,13.01,13.05,0
2026-07-20 14:15:00+05:30,13.05,13.05,13.01,13.03,0
2026-07-20 14:30:00+05:30,13.03,13.05,12.99,13.02,0
2026-07-20 14:45:00+05:30,13.02,13.07,13.01,13.02,0
2026-07-20 15:00:00+05:30,13.02,13.06,12.96,12.99,0
2026-07-20 15:15:00+05:30,12.99,13.04,12.89,12.9,0
2026-07-21 09:15:00+05:30,12.98,13.08,12.1,12.92,0
2026-07-21 09:30:00+05:30,12.92,12.94,12.81,12.83,0
2026-07-21 09:45:00+05:30,12.84,12.84,12.76,12.77,0
2026-07-21 10:00:00+05:30,12.77,12.8,12.75,12.77,0
2026-07-21 10:15:00+05:30,12.77,12.9,12.76,12.9,0
2026-07-21 10:30:00+05:30,12.89,12.91,12.84,12.84,0
2026-07-21 10:45:00+05:30,12.85,12.89,12.77,12.79,0
2026-07-21 11:00:00+05:30,12.79,12.81,12.7,12.75,0
2026-07-21 11:15:00+05:30,12.75,12.81,12.73,12.75,0
2026-07-21 11:30:00+05:30,12.75,12.76,12.66,12.74,0
2026-07-21 11:45:00+05:30,12.74,12.79,12.72,12.73,0
2026-07-21 12:00:00+05:30,12.73,12.75,12.65,12.74,0
2026-07-21 12:15:00+05:30,12.74,12.75,12.72,12.72,0
2026-07-21 12:30:00+05:30,12.72,12.74,12.64,12.73,0
2026-07-21 12:45:00+05:30,12.73,12.77,12.71,12.76,0
2026-07-21 13:00:00+05:30,12.76,12.8,12.69,12.75,0
2026-07-21 13:15:00+05:30,12.75,12.76,12.65,12.65,0
2026-07-21 13:30:00+05:30,12.65,12.68,12.57,12.61,0
2026-07-21 13:45:00+05:30,12.61,12.73,12.6,12.67,0
2026-07-21 14:00:00+05:30,12.68,12.68,12.57,12.64,0
2026-07-21 14:15:00+05:30,12.64,12.66,12.57,12.6,0
2026-07-21 14:30:00+05:30,12.59,12.72,12.57,12.66,0
2026-07-21 14:45:00+05:30,12.65,12.67,12.52,12.56,0
2026-07-21 15:00:00+05:30,12.56,12.65,12.54,12.65,0
2026-07-21 15:15:00+05:30,12.65,12.66,12.51,12.54,0
2026-07-22 09:15:00+05:30,12.6,13.11,11.73,12.94,0
2026-07-22 09:30:00+05:30,12.94,13.04,12.9,12.93,0
2026-07-22 09:45:00+05:30,12.93,13.09,12.89,13.04,0
2026-07-22 10:00:00+05:30,13.04,13.09,12.93,13.0,0
2026-07-22 10:15:00+05:30,12.99,13.22,12.99,13.09,0
2026-07-22 10:30:00+05:30,13.09,13.22,13.05,13.22,0
2026-07-22 10:45:00+05:30,13.22,13.23,13.01,13.04,0
2026-07-22 11:00:00+05:30,13.04,13.07,13.01,13.03,0
2026-07-22 11:15:00+05:30,13.03,13.09,12.86,12.89,0
2026-07-22 11:30:00+05:30,12.88,12.93,12.85,12.85,0
2026-07-22 11:45:00+05:30,12.85,13.01,12.85,13.0,0
2026-07-22 12:00:00+05:30,13.0,13.13,12.96,13.05,0
2026-07-22 12:15:00+05:30,13.05,13.19,13.03,13.14,0
2026-07-22 12:30:00+05:30,13.14,13.29,13.12,13.14,0
2026-07-22 12:45:00+05:30,13.15,13.17,12.98,13.01,0
2026-07-22 13:00:00+05:30,13.02,13.32,13.0,13.26,0
2026-07-22 13:15:00+05:30,13.26,13.31,13.22,13.27,0
2026-07-22 13:30:00+05:30,13.27,13.29,13.14,13.23,0
2026-07-22 13:45:00+05:30,13.23,13.36,13.23,13.33,0
2026-07-22 14:00:00+05:30,13.33,13.38,13.25,13.34,0
2026-07-22 14:15:00+05:30,13.33,13.4,13.28,13.38,0
2026-07-22 14:30:00+05:30,13.38,13.43,13.33,13.37,0
2026-07-22 14:45:00+05:30,13.37,13.39,13.3,13.36,0
2026-07-22 15:00:00+05:30,13.36,13.38,13.24,13.28,0
2026-07-22 15:15:00+05:30,13.27,13.36,13.22,13.31,0
2026-07-23 09:15:00+05:30,13.29,13.53,12.92,13.28,0
2026-07-23 09:30:00+05:30,13.29,13.41,13.26,13.26,0
2026-07-23 09:45:00+05:30,13.26,13.31,13.1,13.1,0
2026-07-23 10:00:00+05:30,13.11,13.16,13.06,13.13,0
2026-07-23 10:15:00+05:30,13.12,13.16,13.08,13.13,0
2026-07-23 10:30:00+05:30,13.13,13.14,13.04,13.05,0
2026-07-23 10:45:00+05:30,13.05,13.07,12.97,12.98,0
2026-07-23 11:00:00+05:30,12.99,13.04,12.93,13.04,0
2026-07-23 11:15:00+05:30,13.04,13.1,13.01,13.08,0
2026-07-23 11:30:00+05:30,13.08,13.14,13.04,13.13,0
2026-07-23 11:45:00+05:30,13.13,13.15,13.09,13.11,0
2026-07-23 12:00:00+05:30,13.11,13.12,13.03,13.12,0
2026-07-23 12:15:00+05:30,13.12,13.19,13.08,13.17,0
2026-07-23 12:30:00+05:30,13.17,13.46,13.16,13.41,0
2026-07-23 12:45:00+05:30,13.41,13.53,13.39,13.5,0
2026-07-23 13:00:00+05:30,13.5,13.66,13.5,13.56,0
2026-07-23 13:15:00+05:30,13.56,13.73,13.54,13.6,0
2026-07-23 13:30:00+05:30,13.6,13.65,13.44,13.55,0
2026-07-23 13:45:00+05:30,13.55,13.63,13.5,13.55,0
2026-07-23 14:00:00+05:30,13.55,13.61,13.51,13.58,0
2026-07-23 14:15:00+05:30,13.58,13.61,13.44,13.49,0
2026-07-23 14:30:00+05:30,13.49,13.6,13.32,13.59,0
2026-07-23 14:45:00+05:30,13.58,13.74,13.58,13.61,0
2026-07-23 15:00:00+05:30,13.62,13.64,13.45,13.46,0
2026-07-23 15:15:00+05:30,13.46,13.49,13.38,13.47,0
2026-07-24 09:15:00+05:30,13.48,14.27,13.18,14.25,0
2026-07-24 09:30:00+05:30,14.25,14.38,14.22,14.36,0
2026-07-24 09:45:00+05:30,14.36,14.57,14.31,14.45,0
2026-07-24 10:00:00+05:30,14.44,14.76,14.41,14.75,0
2026-07-24 10:15:00+05:30,14.75,14.77,14.5,14.52,0
2026-07-24 10:30:00+05:30,14.51,14.66,14.45,14.58,0
2026-07-24 10:45:00+05:30,14.59,14.63,14.52,14.53,0
2026-07-24 11:00:00+05:30,14.53,14.59,14.51,14.55,0
2026-07-24 11:15:00+05:30,14.55,14.56,14.35,14.47,0
2026-07-24 11:30:00+05:30,14.47,14.49,14.28,14.29,0
2026-07-24 11:45:00+05:30,14.29,14.31,14.16,14.22,0
2026-07-24 12:00:00+05:30,14.22,14.24,14.12,14.2,0
2026-07-24 12:15:00+05:30,14.2,14.24,13.93,13.93,0
2026-07-24 12:30:00+05:30,13.93,14.07,13.83,13.97,0
2026-07-24 12:45:00+05:30,13.97,14.08,13.86,13.98,0
2026-07-24 13:00:00+05:30,13.98,14.18,13.98,14.16,0
2026-07-24 13:15:00+05:30,14.16,14.19,14.11,14.16,0
2026-07-24 13:30:00+05:30,14.16,14.32,14.15,14.28,0
2026-07-24 13:45:00+05:30,14.29,14.34,14.1,14.11,0
2026-07-24 14:00:00+05:30,14.13,14.13,14.01,14.07,0
2026-07-24 14:15:00+05:30,14.06,14.17,14.03,14.15,0
2026-07-24 14:30:00+05:30,14.15,14.22,14.13,14.18,0
2026-07-24 14:45:00+05:30,14.19,14.24,14.05,14.13,0
2026-07-24 15:00:00+05:30,14.13,14.22,14.04,14.05,0
2026-07-24 15:15:00+05:30,14.04,14.07,13.84,13.9,0
2026-07-27 09:15:00+05:30,14.03,14.33,13.32,13.39,0
2026-07-27 09:30:00+05:30,13.39,13.4,13.16,13.16,0
2026-07-27 09:45:00+05:30,13.17,13.28,13.05,13.28,0
2026-07-27 10:00:00+05:30,13.28,13.39,13.23,13.36,0
2026-07-27 10:15:00+05:30,13.36,13.38,13.25,13.3,0
2026-07-27 10:30:00+05:30,13.3,13.49,13.27,13.36,0
2026-07-27 10:45:00+05:30,13.36,13.44,13.33,13.35,0
2026-07-27 11:00:00+05:30,13.35,13.35,13.24,13.28,0
2026-07-27 11:15:00+05:30,13.28,13.32,13.11,13.11,0
2026-07-27 11:30:00+05:30,13.11,13.17,13.08,13.13,0
2026-07-27 11:45:00+05:30,13.13,13.26,13.08,13.25,0
2026-07-27 12:00:00+05:30,13.25,13.26,13.16,13.2,0
2026-07-27 12:15:00+05:30,13.19,13.23,13.15,13.2,0
2026-07-27 12:30:00+05:30,13.2,13.23,13.17,13.17,0
2026-07-27 12:45:00+05:30,13.17,13.2,13.06,13.1,0
2026-07-27 13:00:00+05:30,13.09,13.12,13.05,13.09,0
2026-07-27 13:15:00+05:30,13.1,13.16,13.03,13.15,0
2026-07-27 13:30:00+05:30,13.14,13.16,13.04,13.07,0
2026-07-27 13:45:00+05:30,13.07,13.09,12.99,12.99,0
2026-07-27 14:00:00+05:30,12.99,13.05,12.92,12.92,0
2026-07-27 14:15:00+05:30,12.92,12.93,12.75,12.78,0
2026-07-27 14:30:00+05:30,12.78,12.85,12.76,12.81,0
2026-07-27 14:45:00+05:30,12.81,12.85,12.75,12.78,0
2026-07-27 15:00:00+05:30,12.79,12.8,12.61,12.63,0
2026-07-27 15:15:00+05:30,12.62,12.65,12.6,12.64,0
2026-07-28 09:15:00+05:30,12.66,12.82,11.72,12.69,0
2026-07-28 09:30:00+05:30,12.69,12.76,12.65,12.69,0
2026-07-28 09:45:00+05:30,12.69,12.7,12.64,12.69,0
2026-07-28 10:00:00+05:30,12.69,12.78,12.6,12.71,0
2026-07-28 10:15:00+05:30,12.7,12.71,12.57,12.64,0
2026-07-28 10:30:00+05:30,12.64,12.71,12.6,12.65,0
2026-07-28 10:45:00+05:30,12.65,12.67,12.56,12.62,0
2026-07-28 11:00:00+05:30,12.62,12.67,12.57,12.63,0
2026-07-28 11:15:00+05:30,12.63,12.68,12.58,12.66,0
2026-07-28 11:30:00+05:30,12.66,12.67,12.54,12.55,0
2026-07-28 11:45:00+05:30,12.55,12.58,12.5,12.51,0
2026-07-28 12:00:00+05:30,12.51,12.54,12.49,12.52,0
2026-07-28 12:15:00+05:30,12.52,12.55,12.5,12.54,0
2026-07-28 12:30:00+05:30,12.54,12.6,12.53,12.59,0
2026-07-28 12:45:00+05:30,12.58,12.61,12.55,12.59,0
2026-07-28 13:00:00+05:30,12.59,12.68,12.57,12.65,0
2026-07-28 13:15:00+05:30,12.65,12.74,12.63,12.68,0
2026-07-28 13:30:00+05:30,12.68,12.73,12.66,12.71,0
2026-07-28 13:45:00+05:30,12.71,12.73,12.64,12.68,0
2026-07-28 14:00:00+05:30,12.68,12.73,12.67,12.7,0
2026-07-28 14:15:00+05:30,12.71,12.71,12.65,12.68,0
2026-07-28 14:30:00+05:30,12.68,12.71,12.59,12.65,0
2026-07-28 14:45:00+05:30,12.65,12.68,12.59,12.62,0
2026-07-28 15:00:00+05:30,12.62,12.64,12.57,12.58,0
2026-07-28 15:15:00+05:30,12.58,12.6,12.43,12.43,0
2026-07-29 09:15:00+05:30,12.56,12.56,11.56,12.29,0
2026-07-29 09:30:00+05:30,12.29,12.34,12.23,12.26,0
2026-07-29 09:45:00+05:30,12.26,12.26,12.18,12.24,0
2026-07-29 10:00:00+05:30,12.24,12.29,12.18,12.22,0
2026-07-29 10:15:00+05:30,12.23,12.24,12.15,12.15,0
2026-07-29 10:30:00+05:30,12.15,12.18,12.12,12.12,0
2026-07-29 10:45:00+05:30,12.12,12.14,12.09,12.11,0
2026-07-29 11:00:00+05:30,12.1,12.12,12.06,12.09,0
2026-07-29 11:15:00+05:30,12.09,12.12,12.06,12.1,0
2026-07-29 11:30:00+05:30,12.1,12.12,12.06,12.12,0
2026-07-29 11:45:00+05:30,12.12,12.14,12.09,12.13,0
2026-07-29 12:00:00+05:30,12.13,12.14,12.07,12.09,0
2026-07-29 12:15:00+05:30,12.09,12.11,12.04,12.11,0
2026-07-29 12:30:00+05:30,12.11,12.13,12.06,12.11,0
2026-07-29 12:45:00+05:30,12.11,12.11,12.04,12.06,0
2026-07-29 13:00:00+05:30,12.05,12.13,12.04,12.13,0
2026-07-29 13:15:00+05:30,12.12,12.13,12.06,12.06,0
2026-07-29 13:30:00+05:30,12.06,12.13,12.06,12.13,0
2026-07-29 13:45:00+05:30,12.13,12.14,12.08,12.13,0
2026-07-29 14:00:00+05:30,12.13,12.19,12.11,12.18,0
2026-07-29 14:15:00+05:30,12.17,12.19,12.07,12.09,0
2026-07-29 14:30:00+05:30,12.09,12.11,12.05,12.08,0
2026-07-29 14:45:00+05:30,12.08,12.08,11.98,12.0,0
2026-07-29 15:00:00+05:30,12.0,12.02,11.92,12.01,0
2026-07-29 15:15:00+05:30,12.01,12.07,11.99,12.03,0
2026-07-30 09:15:00+05:30,12.01,12.24,11.3,12.21,0
2026-07-30 09:30:00+05:30,12.21,12.22,12.13,12.17,0
2026-07-30 09:45:00+05:30,12.17,12.2,12.1,12.13,0
2026-07-30 10:00:00+05:30,12.13,12.19,12.1,12.17,0
2026-07-30 10:15:00+05:30,12.17,12.19,12.13,12.15,0
2026-07-30 10:30:00+05:30,12.15,12.24,12.14,12.16,0
2026-07-30 10:45:00+05:30,12.16,12.19,12.13,12.14,0
2026-07-30 11:00:00+05:30,12.15,12.17,12.11,12.14,0
2026-07-30 11:15:00+05:30,12.14,12.16,12.09,12.12,0
2026-07-30 11:30:00+05:30,12.12,12.13,12.08,12.11,0
2026-07-30 11:45:00+05:30,12.11,12.15,12.1,12.15,0
2026-07-30 12:00:00+05:30,12.15,12.16,12.12,12.15,0
2026-07-30 12:15:00+05:30,12.15,12.15,12.07,12.07,0
2026-07-30 12:30:00+05:30,12.07,12.22,12.04,12.09,0
2026-07-30 12:45:00+05:30,12.09,12.22,12.07,12.22,0
2026-07-30 13:00:00+05:30,12.21,12.23,12.13,12.2,0
2026-07-30 13:15:00+05:30,12.2,12.32,12.19,12.29,0
2026-07-30 13:30:00+05:30,12.3,12.32,12.24,12.25,0
2026-07-30 13:45:00+05:30,12.25,12.26,12.2,12.21,0
2026-07-30 14:00:00+05:30,12.21,12.24,12.18,12.22,0
2026-07-30 14:15:00+05:30,12.21,12.26,12.17,12.23,0
2026-07-30 14:30:00+05:30,12.23,12.24,12.12,12.14,0
2026-07-30 14:45:00+05:30,12.14,12.18,12.12,12.15,0
2026-07-30 15:00:00+05:30,12.14,12.24,12.08,12.21,0
2026-07-30 15:15:00+05:30,12.21,12.21,12.11,12.16,0
2026-07-31 09:15:00+05:30,12.16,12.21,11.65,11.9,0
2026-07-31 09:30:00+05:30,11.9,12.02,11.81,11.84,0
2026-07-31 09:45:00+05:30,11.84,11.94,11.83,11.92,0
2026-07-31 10:00:00+05:30,11.92,11.98,11.92,11.96,0
2026-07-31 10:15:00+05:30,11.96,12.01,11.89,11.91,0
2026-07-31 10:30:00+05:30,11.91,11.93,11.83,11.87,0
2026-07-31 10:45:00+05:30,11.87,11.9,11.86,11.88,0
2026-07-31 11:00:00+05:30,11.88,11.92,11.85,11.86,0
2026-07-31 11:15:00+05:30,11.86,11.86,11.79,11.83,0
2026-07-31 11:30:00+05:30,11.84,11.85,11.8,11.83,0
2026-07-31 11:45:00+05:30,11.83,11.91,11.82,11.87,0
2026-07-31 12:00:00+05:30,11.87,11.9,11.84,11.89,0
2026-07-31 12:15:00+05:30,11.88,11.94,11.88,11.89,0
2026-07-31 12:30:00+05:30,11.89,11.93,11.85,11.91,0
2026-07-31 12:45:00+05:30,11.91,11.96,11.87,11.93,0
2026-07-31 13:00:00+05:30,11.93,11.95,11.9,11.94,0
2026-07-31 13:15:00+05:30,11.94,11.96,11.87,11.93,0
2026-07-31 13:30:00+05:30,11.93,11.95,11.84,11.84,0
2026-07-31 13:45:00+05:30,11.84,11.88,11.83,11.88,0
2026-07-31 14:00:00+05:30,11.88,11.95,11.85,11.85,0
2026-07-31 14:15:00+05:30,11.85,11.89,11.84,11.86,0
2026-07-31 14:30:00+05:30,11.86,11.87,11.72,11.77,0
2026-07-31 14:45:00+05:30,11.77,11.84,11.74,11.81,0
2026-07-31 15:00:00+05:30,11.81,11.82,11.71,11.71,0
2026-07-31 15:15:00+05:30,11.72,11.85,11.7,11.81,0
2026-08-03 09:15:00+05:30,11.76,11.97,11.76,11.83,0
2026-08-03 09:30:00+05:30,11.83,11.84,11.7,11.77,0
2026-08-03 09:45:00+05:30,11.76,11.85,11.75,11.84,0
2026-08-03 10:00:00+05:30,11.84,11.87,11.79,11.84,0
2026-08-03 10:15:00+05:30,11.84,11.9,11.78,11.89,0
2026-08-03 10:30:00+05:30,11.89,11.9,11.8,11.85,0
2026-08-03 10:45:00+05:30,11.85,11.92,11.85,11.88,0
2026-08-03 11:00:00+05:30,11.88,11.99,11.85,11.98,0
2026-08-03 11:15:00+05:30,11.98,11.99,11.95,11.96,0
2026-08-03 11:30:00+05:30,11.96,11.99,11.96,11.98,0
2026-08-03 11:45:00+05:30,11.98,11.99,11.91,11.99,0
2026-08-03 12:00:00+05:30,11.99,12.02,11.98,11.98,0
2026-08-03 12:15:00+05:30,11.98,12.03,11.96,12.02,0
2026-08-03 12:30:00+05:30,12.02,12.03,11.92,11.93,0
2026-08-03 12:45:00+05:30,11.93,12.0,11.89,11.94,0
2026-08-03 13:00:00+05:30,11.94,11.98,11.93,11.96,0
2026-08-03 13:15:00+05:30,11.96,11.97,11.9,11.93,0
2026-08-03 13:30:00+05:30,11.93,11.98,11.92,11.97,0
2026-08-03 13:45:00+05:30,11.97,11.99,11.93,11.95,0
2026-08-03 14:00:00+05:30,11.95,11.99,11.93,11.97,0
2026-08-03 14:15:00+05:30,11.97,11.98,11.95,11.98,0
2026-08-03 14:30:00+05:30,11.98,12.06,11.97,12.04,0
2026-08-03 14:45:00+05:30,12.04,12.05,11.99,11.99,0
2026-08-03 15:00:00+05:30,11.99,12.02,11.9,11.97,0
2026-08-03 15:15:00+05:30,11.98,12.0,11.82,11.86,0
2026-08-04 09:15:00+05:30,11.93,12.16,11.43,11.97,0
2026-08-04 09:30:00+05:30,11.97,11.99,11.83,11.85,0
2026-08-04 09:45:00+05:30,11.85,11.98,11.84,11.96,0
2026-08-04 10:00:00+05:30,11.96,11.96,11.88,11.94,0
2026-08-04 10:15:00+05:30,11.93,11.94,11.88,11.91,0
2026-08-04 10:30:00+05:30,11.9,12.01,11.9,11.98,0
2026-08-04 10:45:00+05:30,11.99,12.02,11.94,12.01,0
2026-08-04 11:00:00+05:30,12.01,12.01,11.97,12.0,0
2026-08-04 11:15:00+05:30,12.01,12.03,11.95,12.03,0
2026-08-04 11:30:00+05:30,12.03,12.09,12.01,12.06,0
2026-08-04 11:45:00+05:30,12.06,12.18,12.05,12.17,0
2026-08-04 12:00:00+05:30,12.17,12.28,12.14,12.22,0
2026-08-04 12:15:00+05:30,12.22,12.25,12.17,12.22,0
2026-08-04 12:30:00+05:30,12.22,12.33,12.2,12.32,0
2026-08-04 12:45:00+05:30,12.32,12.34,12.25,12.34,0
2026-08-04 13:00:00+05:30,12.34,12.4,12.31,12.39,0
2026-08-04 13:15:00+05:30,12.39,12.43,12.34,12.41,0
2026-08-04 13:30:00+05:30,12.42,12.44,12.33,12.4,0
2026-08-04 13:45:00+05:30,12.4,12.55,12.38,12.38,0
2026-08-04 14:00:00+05:30,12.38,12.44,12.3,12.32,0
2026-08-04 14:15:00+05:30,12.32,12.37,12.2,12.36,0
2026-08-04 14:30:00+05:30,12.36,12.4,12.29,12.36,0
2026-08-04 14:45:00+05:30,12.36,12.36,12.27,12.34,0
2026-08-04 15:00:00+05:30,12.34,12.4,12.19,12.19,0
2026-08-04 15:15:00+05:30,12.19,12.24,12.1,12.1,0
2026-08-05 09:15:00+05:30,12.19,12.19,10.81,11.86,0
2026-08-05 09:30:00+05:30,11.86,11.93,11.8,11.86,0
2026-08-05 09:45:00+05:30,11.86,12.04,11.82,11.96,0
2026-08-05 10:00:00+05:30,11.96,11.96,11.75,11.89,0
2026-08-05 10:15:00+05:30,11.89,12.11,11.88,12.07,0
2026-08-05 10:30:00+05:30,12.08,12.25,11.95,12.01,0
2026-08-05 10:45:00+05:30,12.02,12.02,11.86,11.93,0
2026-08-05 11:00:00+05:30,11.93,11.98,11.9,11.98,0
2026-08-05 11:15:00+05:30,11.98,12.06,11.96,12.06,0
2026-08-05 11:30:00+05:30,12.06,12.16,12.01,12.1,0
2026-08-05 11:45:00+05:30,12.11,12.31,12.04,12.27,0
2026-08-05 12:00:00+05:30,12.26,12.31,12.18,12.27,0
2026-08-05 12:15:00+05:30,12.27,12.3,12.23,12.27,0
2026-08-05 12:30:00+05:30,12.27,12.56,12.26,12.39,0
2026-08-05 12:45:00+05:30,12.39,12.47,12.34,12.45,0
2026-08-05 13:00:00+05:30,12.45,12.62,12.45,12.5,0
2026-08-05 13:15:00+05:30,12.5,12.61,12.45,12.56,0
2026-08-05 13:30:00+05:30,12.56,12.67,12.52,12.66,0
2026-08-05 13:45:00+05:30,12.66,12.66,12.5,12.54,0
2026-08-05 14:00:00+05:30,12.54,12.54,12.37,12.46,0
2026-08-05 14:15:00+05:30,12.46,12.54,12.36,12.52,0
2026-08-05 14:30:00+05:30,12.52,12.57,12.47,12.55,0
2026-08-05 14:45:00+05:30,12.55,12.56,12.35,12.38,0
2026-08-05 15:00:00+05:30,12.39,12.42,12.1,12.12,0
2026-08-05 15:15:00+05:30,12.12,12.13,11.92,11.92,0
2026-08-06 09:15:00+05:30,12.06,12.13,10.1,12.1,0
2026-08-06 09:30:00+05:30,12.1,12.16,12.09,12.14,0
2026-08-06 09:45:00+05:30,12.13,12.21,12.1,12.15,0
2026-08-06 10:00:00+05:30,12.15,12.25,12.13,12.18,0
2026-08-06 10:15:00+05:30,12.18,12.33,12.16,12.27,0
2026-08-06 10:30:00+05:30,12.28,12.3,12.24,12.27,0
2026-08-06 10:45:00+05:30,12.27,12.33,12.23,12.29,0
2026-08-06 11:00:00+05:30,12.28,12.31,12.22,12.26,0
2026-08-06 11:15:00+05:30,12.26,12.27,12.19,12.27,0
2026-08-06 11:30:00+05:30,12.27,12.31,12.22,12.3,0
2026-08-06 11:45:00+05:30,12.3,12.33,12.24,12.26,0
2026-08-06 12:00:00+05:30,12.26,12.32,12.23,12.24,0
2026-08-06 12:15:00+05:30,12.24,12.33,12.22,12.29,0
2026-08-06 12:30:00+05:30,12.29,12.3,12.24,12.28,0
2026-08-06 12:45:00+05:30,12.28,12.37,12.27,12.34,0
2026-08-06 13:00:00+05:30,12.34,12.36,12.24,12.29,0
2026-08-06 13:15:00+05:30,12.29,12.37,12.24,12.32,0
2026-08-06 13:30:00+05:30,12.32,12.39,12.25,12.38,0
2026-08-06 13:45:00+05:30,12.37,12.43,12.16,12.17,0
2026-08-06 14:00:00+05:30,12.17,12.24,12.13,12.15,0
2026-08-06 14:15:00+05:30,12.15,12.19,12.11,12.14,0
2026-08-06 14:30:00+05:30,12.14,12.16,12.09,12.15,0
2026-08-06 14:45:00+05:30,12.15,12.23,12.1,12.19,0
2026-08-06 15:00:00+05:30,12.19,12.25,12.16,12.18,0
2026-08-06 15:15:00+05:30,12.18,12.25,12.12,12.14,0
2026-08-07 09:15:00+05:30,12.16,12.47,11.3,12.43,0
2026-08-07 09:30:00+05:30,12.43,12.48,12.4,12.44,0
2026-08-07 09:45:00+05:30,12.44,12.52,12.42,12.47,0
2026-08-07 10:00:00+05:30,12.47,12.52,12.4,12.41,0
2026-08-07 10:15:00+05:30,12.41,12.43,12.34,12.41,0
2026-08-07 10:30:00+05:30,12.41,12.5,12.39,12.49,0
2026-08-07 10:45:00+05:30,12.49,12.51,12.42,12.47,0
2026-08-07 11:00:00+05:30,12.48,12.53,12.48,12.51,0
2026-08-07 11:15:00+05:30,12.51,12.55,12.39,12.41,0
2026-08-07 11:30:00+05:30,12.41,12.44,12.39,12.42,0
2026-08-07 11:45:00+05:30,12.42,12.52,12.41,12.44,0
2026-08-07 12:00:00+05:30,12.44,12.5,12.43,12.49,0
2026-08-07 12:15:00+05:30,12.49,12.5,12.4,12.45,0
2026-08-07 12:30:00+05:30,12.45,12.49,12.43,12.44,0
2026-08-07 12:45:00+05:30,12.44,12.47,12.39,12.44,0
2026-08-07 13:00:00+05:30,12.44,12.45,12.38,12.44,0
2026-08-07 13:15:00+05:30,12.44,12.44,12.36,12.38,0
2026-08-07 13:30:00+05:30,12.38,12.46,12.36,12.44,0
2026-08-07 13:45:00+05:30,12.44,12.45,12.27,12.36,0
2026-08-07 14:00:00+05:30,12.36,12.41,12.32,12.36,0
2026-08-07 14:15:00+05:30,12.36,12.42,12.35,12.42,0
2026-08-07 14:30:00+05:30,12.42,12.42,12.33,12.36,0
2026-08-07 14:45:00+05:30,12.36,12.37,12.28,12.29,0
2026-08-07 15:00:00+05:30,12.29,12.31,12.13,12.13,0
2026-08-07 15:15:00+05:30,12.14,12.19,12.12,12.14,0
2026-08-10 09:15:00+05:30,12.16,12.92,10.82,12.78,0
2026-08-10 09:30:00+05:30,12.78,12.82,12.67,12.72,0
2026-08-10 09:45:00+05:30,12.72,12.73,12.63,12.66,0
2026-08-10 10:00:00+05:30,12.66,12.7,12.63,12.66,0
2026-08-10 10:15:00+05:30,12.66,12.67,12.54,12.57,0
2026-08-10 10:30:00+05:30,12.56,12.65,12.56,12.65,0
2026-08-10 10:45:00+05:30,12.64,12.66,12.56,12.61,0
2026-08-10 11:00:00+05:30,12.61,12.65,12.57,12.57,0
2026-08-10 11:15:00+05:30,12.58,12.59,12.52,12.56,0
2026-08-10 11:30:00+05:30,12.56,12.58,12.49,12.56,0
2026-08-10 11:45:00+05:30,12.56,12.57,12.52,12.55,0
2026-08-10 12:00:00+05:30,12.55,12.58,12.51,12.53,0
2026-08-10 12:15:00+05:30,12.53,12.54,12.42,12.49,0
2026-08-10 12:30:00+05:30,12.48,12.48,12.43,12.43,0
2026-08-10 12:45:00+05:30,12.43,12.47,12.42,12.43,0
2026-08-10 13:00:00+05:30,12.43,12.5,12.42,12.46,0
2026-08-10 13:15:00+05:30,12.46,12.52,12.41,12.44,0
2026-08-10 13:30:00+05:30,12.44,12.47,12.4,12.41,0
2026-08-10 13:45:00+05:30,12.41,12.48,12.41,12.48,0
2026-08-10 14:00:00+05:30,12.48,12.48,12.4,12.4,0
2026-08-10 14:15:00+05:30,12.4,12.45,12.37,12.45,0
2026-08-10 14:30:00+05:30,12.45,12.45,12.32,12.34,0
2026-08-10 14:45:00+05:30,12.34,12.38,12.27,12.29,0
2026-08-10 15:00:00+05:30,12.29,12.34,12.23,12.28,0
2026-08-10 15:15:00+05:30,12.27,12.28,12.2,12.21,0
2026-08-11 09:15:00+05:30,12.25,12.46,11.19,12.25,0
2026-08-11 09:30:00+05:30,12.26,12.39,12.23,12.26,0
2026-08-11 09:45:00+05:30,12.26,12.32,12.24,12.25,0
2026-08-11 10:00:00+05:30,12.25,12.26,12.12,12.19,0
2026-08-11 10:15:00+05:30,12.19,12.22,12.15,12.18,0
2026-08-11 10:30:00+05:30,12.19,12.22,12.12,12.19,0
2026-08-11 10:45:00+05:30,12.19,12.23,12.15,12.19,0
2026-08-11 11:00:00+05:30,12.19,12.31,12.18,12.28,0
2026-08-11 11:15:00+05:30,12.28,12.29,12.21,12.27,0
2026-08-11 11:30:00+05:30,12.27,12.33,12.16,12.16,0
2026-08-11 11:45:00+05:30,12.16,12.28,12.1,12.22,0
2026-08-11 12:00:00+05:30,12.22,12.3,12.2,12.25,0
2026-08-11 12:15:00+05:30,12.25,12.28,12.23,12.25,0
2026-08-11 12:30:00+05:30,12.25,12.26,12.16,12.17,0
2026-08-11 12:45:00+05:30,12.17,12.18,12.1,12.13,0
2026-08-11 13:00:00+05:30,12.13,12.15,12.04,12.07,0
2026-08-11 13:15:00+05:30,12.07,12.09,11.92,11.94,0
2026-08-11 13:30:00+05:30,11.94,12.02,11.93,11.96,0
2026-08-11 13:45:00+05:30,11.96,12.03,11.94,12.0,0
2026-08-11 14:00:00+05:30,12.0,12.06,11.92,11.94,0
2026-08-11 14:15:00+05:30,11.94,11.98,11.9,11.92,0
2026-08-11 14:30:00+05:30,11.92,11.94,11.9,11.91,0
2026-08-11 14:45:00+05:30,11.91,11.95,11.85,11.87,0
2026-08-11 15:00:00+05:30,11.87,11.88,11.8,11.86,0
2026-08-11 15:15:00+05:30,11.87,11.91,11.85,11.85,0
2026-08-12 09:15:00+05:30,11.86,12.04,11.26,11.74,0
2026-08-12 09:30:00+05:30,11.74,11.78,11.71,11.71,0
2026-08-12 09:45:00+05:30,11.71,11.82,11.7,11.79,0
2026-08-12 10:00:00+05:30,11.79,11.83,11.76,11.79,0
2026-08-12 10:15:00+05:30,11.79,11.8,11.71,11.74,0
2026-08-12 10:30:00+05:30,11.74,11.81,11.68,11.77,0
2026-08-12 10:45:00+05:30,11.77,12.02,11.76,11.92,0
2026-08-12 11:00:00+05:30,11.91,12.04,11.87,11.96,0
2026-08-12 11:15:00+05:30,11.96,12.02,11.89,11.97,0
2026-08-12 11:30:00+05:30,11.97,12.09,11.92,11.95,0
2026-08-12 11:45:00+05:30,11.96,11.98,11.89,11.94,0
2026-08-12 12:00:00+05:30,11.94,12.08,11.92,12.04,0
2026-08-12 12:15:00+05:30,12.04,12.04,11.9,11.9,0
2026-08-12 12:30:00+05:30,11.9,11.97,11.84,11.92,0
2026-08-12 12:45:00+05:30,11.92,11.99,11.9,11.97,0
2026-08-12 13:00:00+05:30,11.97,11.99,11.91,11.91,0
2026-08-12 13:15:00+05:30,11.91,11.93,11.85,11.88,0
2026-08-12 13:30:00+05:30,11.88,12.02,11.81,11.98,0
2026-08-12 13:45:00+05:30,11.98,12.0,11.96,11.98,0
2026-08-12 14:00:00+05:30,11.98,11.99,11.93,11.94,0
2026-08-12 14:15:00+05:30,11.94,11.96,11.87,11.88,0
2026-08-12 14:30:00+05:30,11.88,11.91,11.78,11.83,0
2026-08-12 14:45:00+05:30,11.83,11.9,11.75,11.79,0
2026-08-12 15:00:00+05:30,11.79,11.81,11.67,11.69,0
2026-08-12 15:15:00+05:30,11.7,11.82,11.62,11.7,0
2026-08-13 09:15:00+05:30,11.69,12.2,10.65,11.74,0
2026-08-13 09:30:00+05:30,11.74,11.78,11.63,11.77,0
2026-08-13 09:45:00+05:30,11.77,11.82,11.68,11.71,0
2026-08-13 10:00:00+05:30,11.7,11.72,11.63,11.66,0
2026-08-13 10:15:00+05:30,11.66,11.73,11.62,11.72,0
2026-08-13 10:30:00+05:30,11.72,11.73,11.64,11.65,0
2026-08-13 10:45:00+05:30,11.65,11.66,11.51,11.55,0
2026-08-13 11:00:00+05:30,11.55,11.65,11.55,11.61,0
2026-08-13 11:15:00+05:30,11.61,11.63,11.54,11.56,0
2026-08-13 11:30:00+05:30,11.56,11.58,11.5,11.53,0
2026-08-13 11:45:00+05:30,11.53,11.58,11.45,11.55,0
2026-08-13 12:00:00+05:30,11.55,11.57,11.47,11.5,0
2026-08-13 12:15:00+05:30,11.5,11.52,11.46,11.5,0
2026-08-13 12:30:00+05:30,11.5,11.51,11.45,11.5,0
2026-08-13 12:45:00+05:30,11.5,11.52,11.45,11.46,0
2026-08-13 13:00:00+05:30,11.46,11.48,11.42,11.46,0
2026-08-13 13:15:00+05:30,11.46,11.47,11.41,11.44,0
2026-08-13 13:30:00+05:30,11.44,11.47,11.41,11.45,0
2026-08-13 13:45:00+05:30,11.45,11.47,11.38,11.38,0
2026-08-13 14:00:00+05:30,11.38,11.47,11.38,11.45,0
2026-08-13 14:15:00+05:30,11.45,11.47,11.42,11.44,0
2026-08-13 14:30:00+05:30,11.44,11.48,11.41,11.45,0
2026-08-13 14:45:00+05:30,11.45,11.5,11.42,11.47,0
2026-08-13 15:00:00+05:30,11.46,11.49,11.39,11.45,0
2026-08-13 15:15:00+05:30,11.45,11.47,11.37,11.38,0
2026-08-14 09:15:00+05:30,11.42,11.56,10.83,11.47,0
2026-08-14 09:30:00+05:30,11.47,11.53,11.42,11.52,0
2026-08-14 09:45:00+05:30,11.52,11.55,11.46,11.48,0
2026-08-14 10:00:00+05:30,11.48,11.5,11.38,11.45,0
2026-08-14 10:15:00+05:30,11.44,11.45,11.39,11.4,0
2026-08-14 10:30:00+05:30,11.4,11.47,11.4,11.42,0
2026-08-14 10:45:00+05:30,11.42,11.42,11.37,11.42,0
2026-08-14 11:00:00+05:30,11.41,11.42,11.37,11.39,0
2026-08-14 11:15:00+05:30,11.39,11.4,11.31,11.36,0
2026-08-14 11:30:00+05:30,11.36,11.39,11.34,11.37,0
2026-08-14 11:45:00+05:30,11.37,11.4,11.32,11.4,0
2026-08-14 12:00:00+05:30,11.4,11.54,11.33,11.38,0
2026-08-14 12:15:00+05:30,11.38,11.38,11.29,11.33,0
2026-08-14 12:30:00+05:30,11.33,11.39,11.32,11.37,0
2026-08-14 12:45:00+05:30,11.37,11.38,11.32,11.34,0
2026-08-14 13:00:00+05:30,11.34,11.36,11.33,11.33,0
2026-08-14 13:15:00+05:30,11.33,11.46,11.32,11.34,0
2026-08-14 13:30:00+05:30,11.34,11.39,11.32,11.36,0
2026-08-14 13:45:00+05:30,11.36,11.38,11.26,11.3,0
2026-08-14 14:00:00+05:30,11.3,11.37,11.3,11.31,0
2026-08-14 14:15:00+05:30,11.32,11.33,11.28,11.3,0
2026-08-14 14:30:00+05:30,11.3,11.33,11.26,11.28,0
2026-08-14 14:45:00+05:30,11.28,11.3,11.22,11.26,0
2026-08-14 15:00:00+05:30,11.26,11.35,11.24,11.33,0
2026-08-14 15:15:00+05:30,11.33,11.38,11.25,11.27,0
2026-08-17 09:15:00+05:30,11.31,11.78,11.09,11.55,0
2026-08-17 09:30:00+05:30,11.54,11.6,11.5,11.57,0
2026-08-17 09:45:00+05:30,11.57,11.63,11.54,11.63,0
2026-08-17 10:00:00+05:30,11.63,11.64,11.56,11.58,0
2026-08-17 10:15:00+05:30,11.58,11.65,11.51,11.58,0
2026-08-17 10:30:00+05:30,11.58,11.66,11.57,11.66,0
2026-08-17 10:45:00+05:30,11.66,11.72,11.63,11.68,0
2026-08-17 11:00:00+05:30,11.68,11.72,11.64,11.72,0
2026-08-17 11:15:00+05:30,11.72,11.73,11.62,11.64,0
2026-08-17 11:30:00+05:30,11.64,11.76,11.59,11.62,0
2026-08-17 11:45:00+05:30,11.62,11.63,11.5,11.52,0
2026-08-17 12:00:00+05:30,11.52,11.59,11.5,11.53,0
2026-08-17 12:15:00+05:30,11.53,11.53,11.45,11.46,0
2026-08-17 12:30:00+05:30,11.46,11.48,11.43,11.45,0
2026-08-17 12:45:00+05:30,11.45,11.47,11.37,11.44,0
2026-08-17 13:00:00+05:30,11.43,11.45,11.36,11.38,0
2026-08-17 13:15:00+05:30,11.38,11.41,11.32,11.38,0
2026-08-17 13:30:00+05:30,11.38,11.39,11.32,11.37,0
2026-08-17 13:45:00+05:30,11.37,11.41,11.33,11.39,0
2026-08-17 14:00:00+05:30,11.39,11.41,11.3,11.3,0
2026-08-17 14:15:00+05:30,11.3,11.32,11.28,11.3,0
2026-08-17 14:30:00+05:30,11.3,11.37,11.29,11.36,0
2026-08-17 14:45:00+05:30,11.36,11.38,11.32,11.32,0
2026-08-17 15:00:00+05:30,11.32,11.37,11.28,11.28,0
2026-08-17 15:15:00+05:30,11.28,11.36,11.26,11.29,0
2026-08-18 09:15:00+05:30,11.33,11.46,10.14,11.43,0
2026-08-18 09:30:00+05:30,11.43,11.45,11.38,11.39,0
2026-08-18 09:45:00+05:30,11.4,11.46,11.36,11.45,0
2026-08-18 10:00:00+05:30,11.45,11.49,11.41,11.46,0
2026-08-18 10:15:00+05:30,11.45,11.53,11.42,11.45,0
2026-08-18 10:30:00+05:30,11.45,11.59,11.42,11.58,0
2026-08-18 10:45:00+05:30,11.58,11.67,11.56,11.64,0
2026-08-18 11:00:00+05:30,11.64,11.66,11.6,11.62,0
2026-08-18 11:15:00+05:30,11.62,11.67,11.61,11.65,0
2026-08-18 11:30:00+05:30,11.66,11.75,11.66,11.69,0
2026-08-18 11:45:00+05:30,11.69,11.71,11.63,11.66,0
2026-08-18 12:00:00+05:30,11.66,11.66,11.61,11.63,0
2026-08-18 12:15:00+05:30,11.63,11.65,11.6,11.64,0
2026-08-18 12:30:00+05:30,11.64,11.67,11.6,11.67,0
2026-08-18 12:45:00+05:30,11.67,11.7,11.65,11.68,0
2026-08-18 13:00:00+05:30,11.68,11.74,11.67,11.68,0
2026-08-18 13:15:00+05:30,11.68,11.68,11.58,11.59,0
2026-08-18 13:30:00+05:30,11.59,11.65,11.58,11.59,0
2026-08-18 13:45:00+05:30,11.58,11.65,11.56,11.64,0
2026-08-18 14:00:00+05:30,11.64,11.78,11.6,11.76,0
2026-08-18 14:15:00+05:30,11.76,11.79,11.53,11.54,0
2026-08-18 14:30:00+05:30,11.54,11.55,11.42,11.53,0
2026-08-18 14:45:00+05:30,11.53,11.54,11.4,11.41,0
2026-08-18 15:00:00+05:30,11.41,11.43,11.36,11.4,0
2026-08-18 15:15:00+05:30,11.4,11.43,11.35,11.36,0
2026-08-19 09:15:00+05:30,11.39,11.73,10.06,11.6,0
2026-08-19 09:30:00+05:30,11.6,11.6,11.45,11.49,0
2026-08-19 09:45:00+05:30,11.49,11.65,11.43,11.48,0
2026-08-19 10:00:00+05:30,11.48,11.5,11.43,11.45,0
2026-08-19 10:15:00+05:30,11.45,11.49,11.42,11.48,0
2026-08-19 10:30:00+05:30,11.48,11.56,11.48,11.53,0
2026-08-19 10:45:00+05:30,11.53,11.57,11.48,11.51,0
2026-08-19 11:00:00+05:30,11.51,11.56,11.46,11.51,0
2026-08-19 11:15:00+05:30,11.51,11.56,11.49,11.52,0
2026-08-19 11:30:00+05:30,11.52,11.52,11.47,11.5,0
2026-08-19 11:45:00+05:30,11.5,11.53,11.4,11.42,0
2026-08-19 12:00:00+05:30,11.42,11.49,11.4,11.48,0
2026-08-19 12:15:00+05:30,11.48,11.52,11.45,11.51,0
2026-08-19 12:30:00+05:30,11.51,11.59,11.45,11.46,0
2026-08-19 12:45:00+05:30,11.46,11.52,11.45,11.5,0
2026-08-19 13:00:00+05:30,11.5,11.52,11.47,11.5,0
2026-08-19 13:15:00+05:30,11.5,11.55,11.5,11.53,0
2026-08-19 13:30:00+05:30,11.53,11.55,11.49,11.49,0
2026-08-19 13:45:00+05:30,11.49,11.53,11.45,11.47,0
2026-08-19 14:00:00+05:30,11.47,11.5,11.43,11.5,0
2026-08-19 14:15:00+05:30,11.5,11.57,11.45,11.51,0
2026-08-19 14:30:00+05:30,11.5,11.5,11.35,11.45,0
2026-08-19 14:45:00+05:30,11.45,11.5,11.36,11.39,0
2026-08-19 15:00:00+05:30,11.38,11.39,11.27,11.37,0
2026-08-19 15:15:00+05:30,11.38,11.45,11.29,11.31,0
2026-08-20 09:15:00+05:30,11.32,11.32,9.33,10.97,0
2026-08-20 09:30:00+05:30,10.97,10.98,10.84,10.85,0
2026-08-20 09:45:00+05:30,10.85,10.86,10.72,10.72,0
2026-08-20 10:00:00+05:30,10.72,10.9,10.71,10.74,0
2026-08-20 10:15:00+05:30,10.74,10.75,10.66,10.66,0
2026-08-20 10:30:00+05:30,10.66,10.76,10.65,10.67,0
2026-08-20 10:45:00+05:30,10.67,10.7,10.66,10.66,0
2026-08-20 11:00:00+05:30,10.66,10.71,10.65,10.66,0
2026-08-20 11:15:00+05:30,10.66,10.69,10.65,10.67,0
2026-08-20 11:30:00+05:30,10.67,10.71,10.67,10.7,0
2026-08-20 11:45:00+05:30,10.7,10.7,10.64,10.66,0
2026-08-20 12:00:00+05:30,10.66,10.68,10.63,10.63,0
2026-08-20 12:15:00+05:30,10.62,10.66,10.61,10.64,0
2026-08-20 12:30:00+05:30,10.64,10.67,10.61,10.64,0
2026-08-20 12:45:00+05:30,10.64,10.68,10.55,10.59,0
2026-08-20 13:00:00+05:30,10.59,10.62,10.56,10.61,0
2026-08-20 13:15:00+05:30,10.61,10.62,10.56,10.6,0
2026-08-20 13:30:00+05:30,10.6,10.61,10.56,10.6,0
2026-08-20 13:45:00+05:30,10.6,10.69,10.58,10.69,0
2026-08-20 14:00:00+05:30,10.69,10.71,10.67,10.69,0
2026-08-20 14:15:00+05:30,10.69,10.73,10.61,10.65,0
2026-08-20 14:30:00+05:30,10.65,10.72,10.62,10.68,0
2026-08-20 14:45:00+05:30,10.68,10.76,10.64,10.65,0
2026-08-20 15:00:00+05:30,10.65,10.72,10.59,10.63,0
2026-08-20 15:15:00+05:30,10.63,10.83,10.63,10.83,0
2026-08-21 09:15:00+05:30,10.76,11.35,9.57,11.22,0
2026-08-21 09:30:00+05:30,11.22,11.31,11.12,11.13,0
2026-08-21 09:45:00+05:30,11.14,11.27,10.74,11.1,0
2026-08-21 10:00:00+05:30,11.08,11.21,11.08,11.2,0
2026-08-21 10:15:00+05:30,11.19,11.22,11.06,11.15,0
2026-08-21 10:30:00+05:30,11.15,11.18,11.1,11.1,0
2026-08-21 10:45:00+05:30,11.1,11.18,10.93,11.14,0
2026-08-21 11:00:00+05:30,11.16,11.17,11.02,11.04,0
2026-08-21 11:15:00+05:30,11.06,11.15,11.03,11.06,0
2026-08-21 11:30:00+05:30,11.06,11.15,11.03,11.09,0
2026-08-21 11:45:00+05:30,11.09,11.17,11.05,11.15,0
2026-08-21 12:00:00+05:30,11.15,11.32,11.14,11.32,0
2026-08-21 12:15:00+05:30,11.32,11.33,11.15,11.18,0
2026-08-21 12:30:00+05:30,11.18,11.33,11.12,11.32,0
2026-08-21 12:45:00+05:30,11.32,11.34,11.15,11.29,0
2026-08-21 13:00:00+05:30,11.29,11.31,11.14,11.23,0
2026-08-21 13:15:00+05:30,11.23,11.3,11.21,11.23,0
2026-08-21 13:30:00+05:30,11.22,11.3,11.19,11.28,0
2026-08-21 13:45:00+05:30,11.28,11.29,11.22,11.26,0
2026-08-21 14:00:00+05:30,11.26,11.3,11.23,11.3,0
2026-08-21 14:15:00+05:30,11.3,11.3,11.1,11.1,0
2026-08-21 14:30:00+05:30,11.09,11.29,11.06,11.13,0
2026-08-21 14:45:00+05:30,11.13,11.22,11.09,11.18,0
2026-08-21 15:00:00+05:30,11.18,11.25,11.08,11.22,0
2026-08-21 15:15:00+05:30,11.22,11.26,11.13,11.22,0
2026-08-24 09:15:00+05:30,11.2,11.2,10.32,11.13,0
2026-08-24 09:30:00+05:30,11.12,11.29,11.08,11.19,0
2026-08-24 09:45:00+05:30,11.19,11.27,11.15,11.21,0
2026-08-24 10:00:00+05:30,11.21,11.34,11.2,11.29,0
2026-08-24 10:15:00+05:30,11.29,11.34,11.28,11.3,0
2026-08-24 10:30:00+05:30,11.3,11.34,11.23,11.28,0
2026-08-24 10:45:00+05:30,11.28,11.55,11.25,11.55,0
2026-08-24 11:00:00+05:30,11.55,11.62,11.42,11.59,0
2026-08-24 11:15:00+05:30,11.59,11.63,11.54,11.57,0
2026-08-24 11:30:00+05:30,11.57,11.76,11.42,11.46,0
2026-08-24 11:45:00+05:30,11.45,11.49,11.34,11.44,0
2026-08-24 12:00:00+05:30,11.44,11.46,11.07,11.43,0
2026-08-24 12:15:00+05:30,11.43,11.49,11.37,11.49,0
2026-08-24 12:30:00+05:30,11.49,11.51,11.4,11.48,0
2026-08-24 12:45:00+05:30,11.48,11.49,11.45,11.48,0
2026-08-24 13:00:00+05:30,11.47,11.59,11.46,11.51,0
2026-08-24 13:15:00+05:30,11.51,11.59,11.48,11.49,0
2026-08-24 13:30:00+05:30,11.49,11.6,11.49,11.59,0
2026-08-24 13:45:00+05:30,11.59,11.74,11.58,11.64,0
2026-08-24 14:00:00+05:30,11.64,11.71,11.61,11.67,0
2026-08-24 14:15:00+05:30,11.62,11.66,11.52,11.56,0
2026-08-24 14:30:00+05:30,11.57,11.59,11.47,11.57,0
2026-08-24 14:45:00+05:30,11.55,11.58,11.53,11.54,0
2026-08-24 15:00:00+05:30,11.54,11.58,11.49,11.51,0
2026-08-24 15:15:00+05:30,11.51,11.54,11.48,11.49,0
2026-08-25 09:15:00+05:30,11.53,11.53,9.45,11.27,0
2026-08-25 09:30:00+05:30,11.27,11.54,10.82,11.41,0
2026-08-25 09:45:00+05:30,11.41,11.49,11.28,11.31,0
2026-08-25 10:00:00+05:30,11.31,11.36,11.29,11.36,0
2026-08-25 10:15:00+05:30,11.36,11.48,11.31,11.43,0
2026-08-25 10:30:00+05:30,11.42,11.62,11.36,11.5,0
2026-08-25 10:45:00+05:30,11.5,11.5,11.3,11.43,0
2026-08-25 11:00:00+05:30,11.44,11.49,11.39,11.39,0
2026-08-25 11:15:00+05:30,11.39,11.43,11.17,11.28,0
2026-08-25 11:30:00+05:30,11.28,11.36,11.17,11.27,0
2026-08-25 11:45:00+05:30,11.27,11.29,11.1,11.12,0
2026-08-25 12:00:00+05:30,11.1,11.26,11.1,11.18,0
2026-08-25 12:15:00+05:30,11.18,11.3,11.16,11.29,0
2026-08-25 12:30:00+05:30,11.29,11.33,11.2,11.22,0
2026-08-25 12:45:00+05:30,11.22,11.35,11.2,11.25,0
2026-08-25 13:00:00+05:30,11.25,11.32,11.17,11.29,0
2026-08-25 13:15:00+05:30,11.29,11.35,11.27,11.33,0
2026-08-25 13:30:00+05:30,11.33,11.34,11.24,11.26,0
2026-08-25 13:45:00+05:30,11.26,11.33,11.12,11.27,0
2026-08-25 14:00:00+05:30,11.27,11.33,11.19,11.21,0
2026-08-25 14:15:00+05:30,11.23,11.28,11.16,11.18,0
2026-08-25 14:30:00+05:30,11.18,11.21,11.05,11.12,0
2026-08-25 14:45:00+05:30,11.12,11.23,10.95,11.02,0
2026-08-25 15:00:00+05:30,11.02,11.17,10.97,11.15,0
2026-08-25 15:15:00+05:30,11.15,11.16,11.0,11.03,0
2026-08-26 09:15:00+05:30,11.08,11.08,10.13,10.87,0
2026-08-26 09:30:00+05:30,10.88,10.89,10.59,10.88,0
2026-08-26 09:45:00+05:30,10.88,10.91,10.69,10.73,0
2026-08-26 10:00:00+05:30,10.73,10.9,10.66,10.82,0
2026-08-26 10:15:00+05:30,10.82,10.98,10.69,10.86,0
2026-08-26 10:30:00+05:30,10.86,10.87,10.61,10.68,0
2026-08-26 10:45:00+05:30,10.68,10.75,10.65,10.75,0
2026-08-26 11:00:00+05:30,10.75,10.77,10.65,10.69,0
2026-08-26 11:15:00+05:30,10.69,10.83,10.68,10.8,0
2026-08-26 11:30:00+05:30,10.8,10.84,10.64,10.65,0
2026-08-26 11:45:00+05:30,10.65,10.73,10.6,10.68,0
2026-08-26 12:00:00+05:30,10.68,10.94,10.67,10.82,0
2026-08-26 12:15:00+05:30,10.82,10.84,10.75,10.81,0
2026-08-26 12:30:00+05:30,10.82,10.91,10.74,10.74,0
2026-08-26 12:45:00+05:30,10.74,10.89,10.73,10.81,0
2026-08-26 13:00:00+05:30,10.81,10.98,10.74,10.85,0
2026-08-26 13:15:00+05:30,10.85,10.89,10.8,10.82,0
2026-08-26 13:30:00+05:30,10.83,10.9,10.79,10.87,0
2026-08-26 13:45:00+05:30,10.87,11.0,10.86,10.96,0
2026-08-26 14:00:00+05:30,10.96,10.99,10.83,10.84,0
2026-08-26 14:15:00+05:30,10.84,10.9,10.77,10.86,0
2026-08-26 14:30:00+05:30,10.86,10.88,10.79,10.82,0
2026-08-26 14:45:00+05:30,10.82,10.84,10.54,10.58,0
2026-08-26 15:00:00+05:30,10.58,10.64,10.49,10.58,0
2026-08-26 15:15:00+05:30,10.56,10.72,10.48,10.48,0
2026-08-27 09:15:00+05:30,10.57,10.97,10.36,10.86,0
2026-08-27 09:30:00+05:30,10.86,10.93,10.79,10.87,0
2026-08-27 09:45:00+05:30,10.87,10.9,10.76,10.87,0
2026-08-27 10:00:00+05:30,10.87,11.17,10.84,10.85,0
2026-08-27 10:15:00+05:30,10.86,11.06,10.77,10.79,0
2026-08-27 10:30:00+05:30,10.78,11.05,10.76,10.95,0
2026-08-27 10:45:00+05:30,10.95,11.02,10.75,10.83,0
2026-08-27 11:00:00+05:30,10.83,10.93,10.83,10.9,0
2026-08-27 11:15:00+05:30,10.9,11.18,10.9,11.15,0
2026-08-27 11:30:00+05:30,11.15,11.22,11.06,11.17,0
2026-08-27 11:45:00+05:30,11.17,11.23,11.07,11.07,0
2026-08-27 12:00:00+05:30,11.07,11.28,11.07,11.13,0
2026-08-27 12:15:00+05:30,11.13,11.27,11.1,11.14,0
2026-08-27 12:30:00+05:30,11.14,11.18,10.93,10.98,0
2026-08-27 12:45:00+05:30,10.99,11.17,10.87,10.87,0
2026-08-27 13:00:00+05:30,10.87,10.91,10.82,10.91,0
2026-08-27 13:15:00+05:30,10.91,10.94,10.86,10.91,0
2026-08-27 13:30:00+05:30,10.91,10.97,10.85,10.89,0
2026-08-27 13:45:00+05:30,10.88,11.08,10.81,11.03,0
2026-08-27 14:00:00+05:30,11.02,11.1,10.91,11.08,0
2026-08-27 14:15:00+05:30,11.05,11.06,10.84,10.84,0
2026-08-27 14:30:00+05:30,10.84,11.01,10.8,10.98,0
2026-08-27 14:45:00+05:30,10.98,11.0,10.9,10.9,0
2026-08-27 15:00:00+05:30,10.91,11.05,10.63,10.99,0
2026-08-27 15:15:00+05:30,10.97,11.22,10.89,11.13,0
2026-08-28 09:15:00+05:30,11.07,11.1,10.54,10.98,0
2026-08-28 09:30:00+05:30,11.0,11.02,10.85,10.93,0
2026-08-28 09:45:00+05:30,10.93,10.97,10.83,10.94,0
2026-08-28 10:00:00+05:30,10.92,10.92,10.7,10.72,0
2026-08-28 10:15:00+05:30,10.73,10.83,10.69,10.82,0
2026-08-28 10:30:00+05:30,10.82,10.83,10.71,10.75,0
2026-08-28 10:45:00+05:30,10.75,10.8,10.69,10.79,0
2026-08-28 11:00:00+05:30,10.79,10.8,10.68,10.76,0
2026-08-28 11:15:00+05:30,10.76,10.89,10.73,10.86,0
2026-08-28 11:30:00+05:30,10.87,11.01,10.8,10.83,0
2026-08-28 11:45:00+05:30,10.83,11.13,10.81,11.01,0
2026-08-28 12:00:00+05:30,11.01,11.11,10.92,11.11,0
2026-08-28 12:15:00+05:30,11.11,11.14,11.0,11.02,0
2026-08-28 12:30:00+05:30,11.02,11.06,10.94,10.98,0
2026-08-28 12:45:00+05:30,10.98,11.02,10.9,11.0,0
2026-08-28 13:00:00+05:30,11.0,11.03,10.77,10.78,0
2026-08-28 13:15:00+05:30,10.77,10.86,10.75,10.83,0
2026-08-28 13:30:00+05:30,10.83,10.84,10.7,10.74,0
2026-08-28 13:45:00+05:30,10.74,10.98,10.68,10.94,0
2026-08-28 14:00:00+05:30,10.94,10.96,10.76,10.8,0
2026-08-28 14:15:00+05:30,10.8,10.88,10.78,10.88,0
2026-08-28 14:30:00+05:30,10.89,10.93,10.72,10.9,0
2026-08-28 14:45:00+05:30,10.92,10.94,10.76,10.77,0
2026-08-28 15:00:00+05:30,10.78,10.96,10.6,10.63,0
2026-08-28 15:15:00+05:30,10.61,10.81,10.53,10.59,0
2026-08-31 09:15:00+05:30,10.68,11.27,10.68,11.13,0
2026-08-31 09:30:00+05:30,11.13,11.25,11.1,11.2,0
2026-08-31 09:45:00+05:30,11.2,11.27,11.12,11.24,0
2026-08-31 10:00:00+05:30,11.24,11.33,11.16,11.23,0
2026-08-31 10:15:00+05:30,11.23,11.38,11.22,11.34,0
2026-08-31 10:30:00+05:30,11.35,11.36,11.2,11.25,0
2026-08-31 10:45:00+05:30,11.25,11.31,11.22,11.28,0
2026-08-31 11:00:00+05:30,11.28,11.35,11.26,11.34,0
2026-08-31 11:15:00+05:30,11.34,11.44,11.3,11.37,0
2026-08-31 11:30:00+05:30,11.37,11.43,11.17,11.21,0
2026-08-31 11:45:00+05:30,11.21,11.31,11.08,11.2,0
2026-08-31 12:00:00+05:30,11.2,11.26,11.17,11.21,0
2026-08-31 12:15:00+05:30,11.21,11.22,11.15,11.17,0
2026-08-31 12:30:00+05:30,11.18,11.19,11.14,11.14,0
2026-08-31 12:45:00+05:30,11.14,11.19,11.14,11.18,0
2026-08-31 13:00:00+05:30,11.18,11.19,11.14,11.18,0
2026-08-31 13:15:00+05:30,11.18,11.23,11.15,11.19,0
2026-08-31 13:30:00+05:30,11.19,11.2,11.15,11.19,0
2026-08-31 13:45:00+05:30,11.19,11.2,11.16,11.19,0
2026-08-31 14:00:00+05:30,11.19,11.27,11.16,11.24,0
2026-08-31 14:15:00+05:30,11.24,11.25,11.13,11.16,0
2026-08-31 14:30:00+05:30,11.16,11.24,11.05,11.06,0
2026-08-31 14:45:00+05:30,11.06,11.32,11.06,11.28,0
2026-08-31 15:00:00+05:30,11.28,11.29,11.0,11.28,0
2026-08-31 15:15:00+05:30,11.27,11.32,11.04,11.04,0
2026-09-01 09:15:00+05:30,11.19,11.57,9.25,11.24,0
2026-09-01 09:30:00+05:30,11.24,11.27,10.96,11.16,0
2026-09-01 09:45:00+05:30,11.16,11.27,11.16,11.26,0
2026-09-01 10:00:00+05:30,11.26,11.3,11.12,11.16,0
2026-09-01 10:15:00+05:30,11.16,11.16,10.88,10.93,0
2026-09-01 10:30:00+05:30,10.93,11.12,10.89,11.1,0
2026-09-01 10:45:00+05:30,11.1,11.15,11.01,11.02,0
2026-09-01 11:00:00+05:30,11.03,11.1,10.9,10.93,0
2026-09-01 11:15:00+05:30,10.93,10.98,10.91,10.95,0
2026-09-01 11:30:00+05:30,10.95,11.07,10.91,10.99,0
2026-09-01 11:45:00+05:30,10.99,11.04,10.95,11.01,0
2026-09-01 12:00:00+05:30,11.01,11.01,10.92,10.94,0
2026-09-01 12:15:00+05:30,10.94,10.99,10.91,10.99,0
2026-09-01 12:30:00+05:30,10.99,11.04,10.93,11.03,0
2026-09-01 12:45:00+05:30,11.03,11.03,10.94,10.99,0
2026-09-01 13:00:00+05:30,10.99,11.03,10.72,10.83,0
2026-09-01 13:15:00+05:30,10.83,10.86,10.73,10.79,0
2026-09-01 13:30:00+05:30,10.79,10.96,10.76,10.92,0
2026-09-01 13:45:00+05:30,10.93,11.52,10.92,11.41,0
2026-09-01 14:00:00+05:30,11.3,11.8,11.24,11.78,0
2026-09-01 14:15:00+05:30,11.79,12.12,11.77,11.79,0
2026-09-01 14:30:00+05:30,11.79,11.87,11.55,11.74,0
2026-09-01 14:45:00+05:30,11.74,11.83,11.34,11.45,0
2026-09-01 15:00:00+05:30,11.43,11.8,11.29,11.73,0
2026-09-01 15:15:00+05:30,11.73,11.8,11.28,11.31,0
